CREATE DATABASE  IF NOT EXISTS `cancer_insur` /*!40100 DEFAULT CHARACTER SET utf8mb4 COLLATE utf8mb4_0900_ai_ci */ /*!80016 DEFAULT ENCRYPTION='N' */;
USE `cancer_insur`;
-- MySQL dump 10.13  Distrib 8.0.27, for macos11 (x86_64)
--
-- Host: 127.0.0.1    Database: cancer_insur
-- ------------------------------------------------------
-- Server version	8.0.32

/*!40101 SET @OLD_CHARACTER_SET_CLIENT=@@CHARACTER_SET_CLIENT */;
/*!40101 SET @OLD_CHARACTER_SET_RESULTS=@@CHARACTER_SET_RESULTS */;
/*!40101 SET @OLD_COLLATION_CONNECTION=@@COLLATION_CONNECTION */;
/*!50503 SET NAMES utf8 */;
/*!40103 SET @OLD_TIME_ZONE=@@TIME_ZONE */;
/*!40103 SET TIME_ZONE='+00:00' */;
/*!40014 SET @OLD_UNIQUE_CHECKS=@@UNIQUE_CHECKS, UNIQUE_CHECKS=0 */;
/*!40014 SET @OLD_FOREIGN_KEY_CHECKS=@@FOREIGN_KEY_CHECKS, FOREIGN_KEY_CHECKS=0 */;
/*!40101 SET @OLD_SQL_MODE=@@SQL_MODE, SQL_MODE='NO_AUTO_VALUE_ON_ZERO' */;
/*!40111 SET @OLD_SQL_NOTES=@@SQL_NOTES, SQL_NOTES=0 */;

--
-- Table structure for table `behavior`
--

DROP TABLE IF EXISTS `behavior`;
/*!40101 SET @saved_cs_client     = @@character_set_client */;
/*!50503 SET character_set_client = utf8mb4 */;
CREATE TABLE `behavior` (
  `behavior_id` int NOT NULL,
  `alcohol_use` int DEFAULT NULL,
  `smoker` varchar(20) DEFAULT NULL,
  `balanced_diet` int DEFAULT NULL,
  `patient_id` int DEFAULT NULL,
  PRIMARY KEY (`behavior_id`),
  KEY `patient_id` (`patient_id`),
  CONSTRAINT `behavior_ibfk_1` FOREIGN KEY (`patient_id`) REFERENCES `patient` (`patient_id`)
) ENGINE=InnoDB DEFAULT CHARSET=utf8mb4 COLLATE=utf8mb4_0900_ai_ci;
/*!40101 SET character_set_client = @saved_cs_client */;

--
-- Dumping data for table `behavior`
--

LOCK TABLES `behavior` WRITE;
/*!40000 ALTER TABLE `behavior` DISABLE KEYS */;
INSERT INTO `behavior` VALUES (1,4,'no',2,1),(2,4,'no',2,2),(3,4,'no',2,3),(4,4,'no',2,4),(5,4,'no',2,5),(6,4,'yes',2,6),(7,4,'yes',2,7),(8,4,'no',2,8),(9,4,'no',2,9),(10,4,'yes',2,4),(11,4,'no',2,10),(12,4,'no',2,11),(13,4,'no',2,12),(14,7,'no',7,13),(15,7,'no',7,14),(16,7,'no',7,15),(17,7,'no',7,16),(18,7,'no',7,17),(19,7,'yes',7,18),(20,7,'yes',7,19),(21,7,'no',7,20),(22,7,'no',7,21),(23,7,'yes',7,16),(24,7,'no',7,22),(25,7,'no',7,23),(26,7,'no',7,24),(27,2,'no',3,25),(28,2,'no',3,26),(29,2,'no',3,27),(30,2,'no',3,28),(31,2,'no',3,29),(32,2,'yes',3,30),(33,2,'yes',3,31),(34,2,'no',3,32),(35,2,'no',3,33),(36,2,'yes',3,28),(37,2,'no',3,34),(38,2,'no',3,35),(39,2,'no',3,36),(40,8,'no',7,37),(41,8,'no',7,38),(42,8,'no',7,39),(43,8,'no',7,40),(44,8,'no',7,41),(45,8,'yes',7,42),(46,8,'yes',7,43),(47,8,'no',7,44),(48,8,'no',7,45),(49,8,'yes',7,40),(50,8,'no',7,46),(51,8,'no',7,47),(52,8,'no',7,48),(53,7,'no',6,49),(54,7,'no',6,50),(55,7,'no',6,51),(56,7,'no',6,52),(57,7,'no',6,53),(58,7,'yes',6,54),(59,7,'yes',6,55),(60,7,'no',6,56),(61,7,'no',6,57),(62,7,'yes',6,52),(63,7,'no',6,58),(64,7,'no',6,59),(65,7,'no',6,60),(66,6,'no',7,61),(67,6,'no',7,62),(68,6,'no',7,63),(69,6,'no',7,64),(70,6,'no',7,65),(71,6,'yes',7,66),(72,6,'yes',7,67),(73,6,'no',7,68),(74,6,'no',7,69),(75,6,'yes',7,64),(76,6,'no',7,70),(77,6,'no',7,71),(78,6,'no',7,72),(79,5,'yes',6,73),(80,5,'no',6,74),(81,5,'no',6,75),(82,5,'yes',6,76),(83,5,'no',6,77),(84,5,'no',6,78),(85,5,'yes',6,79),(86,5,'no',6,80),(87,5,'no',6,81),(88,5,'no',6,82),(89,5,'no',6,83),(90,3,'yes',2,84),(91,3,'no',2,85),(92,3,'no',2,86),(93,3,'yes',2,87),(94,3,'no',2,88),(95,3,'no',2,89),(96,3,'yes',2,90),(97,3,'no',2,91),(98,3,'no',2,92),(99,3,'no',2,93),(100,3,'no',2,94),(101,1,'yes',2,95),(102,1,'no',2,96),(103,1,'no',2,97),(104,1,'yes',2,98),(105,1,'no',2,99),(106,1,'no',2,100),(107,1,'yes',2,101),(108,1,'no',2,102),(109,1,'no',2,103),(110,1,'no',2,104),(111,1,'no',2,105),(112,8,'yes',2,106),(113,8,'no',2,107),(114,8,'no',2,108),(115,8,'yes',2,109),(116,8,'no',2,110),(117,8,'no',2,111),(118,8,'yes',2,112),(119,8,'no',2,113),(120,8,'no',2,114),(121,8,'no',2,115),(122,8,'no',2,116),(123,5,'yes',5,117),(124,5,'no',5,118),(125,5,'no',5,119),(126,5,'yes',5,120),(127,5,'no',5,121),(128,5,'no',5,122),(129,5,'yes',5,123),(130,5,'no',5,124),(131,5,'no',5,125),(132,5,'no',5,126),(133,5,'no',5,127),(134,6,'yes',6,128),(135,6,'no',6,129),(136,6,'no',6,130),(137,6,'yes',6,131),(138,6,'no',6,132),(139,6,'no',6,133),(140,6,'yes',6,134),(141,6,'no',6,135),(142,6,'no',6,136),(143,6,'no',6,137),(144,6,'no',6,138),(145,1,'yes',2,139),(146,1,'no',2,140),(147,1,'no',2,141),(148,1,'yes',2,142),(149,1,'no',2,143),(150,1,'no',2,144),(151,1,'yes',2,145),(152,1,'no',2,146),(153,1,'no',2,147),(154,1,'no',2,148),(155,1,'no',2,149),(156,7,'no',7,150),(157,7,'no',7,151),(158,7,'no',7,152),(159,7,'no',7,153),(160,7,'no',7,154),(161,7,'no',7,155),(162,7,'yes',7,156),(163,7,'no',7,157),(164,7,'yes',7,158),(165,7,'yes',7,159),(166,7,'no',7,160),(167,7,'no',7,161),(168,7,'no',6,162),(169,7,'no',6,163),(170,7,'no',6,164),(171,7,'no',6,165),(172,7,'no',6,166),(173,7,'no',6,167),(174,7,'yes',6,168),(175,7,'no',6,169),(176,7,'yes',6,170),(177,7,'yes',6,171),(178,7,'no',6,172),(179,7,'no',6,173),(180,8,'no',7,174),(181,8,'no',7,175),(182,8,'no',7,176),(183,8,'no',7,177),(184,8,'no',7,178),(185,8,'no',7,179),(186,8,'yes',7,180),(187,8,'no',7,181),(188,8,'yes',7,182),(189,8,'yes',7,183),(190,8,'no',7,184),(191,8,'no',7,185),(192,7,'no',7,186),(193,7,'no',7,187),(194,7,'no',7,188),(195,7,'no',7,189),(196,7,'no',7,190),(197,7,'no',7,191),(198,7,'yes',7,192),(199,7,'no',7,193),(200,7,'yes',7,194),(201,7,'yes',7,195),(202,7,'no',7,196),(203,7,'no',7,197),(204,8,'no',7,198),(205,8,'no',7,199),(206,8,'no',7,200),(207,8,'no',7,201),(208,8,'no',7,202),(209,8,'no',7,203),(210,8,'yes',7,204),(211,8,'no',7,205),(212,8,'yes',7,206),(213,8,'yes',7,207),(214,8,'no',7,208),(215,8,'no',7,209),(216,2,'no',3,210),(217,2,'no',3,211),(218,2,'no',3,212),(219,2,'no',3,213),(220,2,'no',3,214),(221,2,'no',3,215),(222,2,'yes',3,216),(223,2,'no',3,217),(224,2,'yes',3,218),(225,2,'yes',3,219),(226,2,'no',3,220),(227,2,'no',3,221),(228,8,'yes',7,222),(229,8,'no',7,223),(230,8,'yes',7,224),(231,8,'no',7,225),(232,8,'no',7,226),(233,8,'no',7,227),(234,8,'no',7,224),(235,8,'no',7,228),(236,8,'no',7,229),(237,8,'no',7,230),(238,8,'no',7,231),(239,8,'no',7,232),(240,8,'no',7,222),(241,3,'yes',3,233),(242,3,'no',3,234),(243,3,'yes',3,235),(244,3,'no',3,236),(245,3,'no',3,237),(246,3,'no',3,238),(247,3,'no',3,235),(248,3,'no',3,239),(249,3,'no',3,240),(250,3,'no',3,241),(251,3,'no',3,242),(252,3,'no',3,243),(253,3,'no',3,233),(254,4,'no',2,244),(255,4,'no',2,245),(256,4,'no',2,246),(257,4,'no',2,247),(258,4,'no',2,248),(259,4,'yes',2,249),(260,4,'no',2,250),(261,4,'no',2,251),(262,4,'no',2,252),(263,4,'yes',2,253),(264,4,'no',2,254),(265,4,'no',2,255),(266,4,'no',2,256),(267,2,'no',1,257),(268,2,'no',1,258),(269,2,'no',1,259),(270,2,'no',1,260),(271,2,'no',1,261),(272,2,'yes',1,262),(273,2,'no',1,263),(274,2,'no',1,264),(275,2,'no',1,265),(276,2,'yes',1,266),(277,2,'no',1,267),(278,2,'no',1,268),(279,2,'no',1,269),(280,2,'no',3,270),(281,2,'no',3,271),(282,2,'no',3,272),(283,2,'no',3,273),(284,2,'no',3,274),(285,2,'yes',3,275),(286,2,'no',3,276),(287,2,'no',3,277),(288,2,'no',3,278),(289,2,'yes',3,279),(290,2,'no',3,280),(291,2,'no',3,281),(292,2,'no',3,282),(293,1,'no',4,283),(294,1,'no',4,284),(295,1,'no',4,285),(296,1,'no',4,286),(297,1,'no',4,287),(298,1,'no',4,288),(299,1,'no',4,289),(300,1,'no',4,290),(301,1,'no',4,291),(302,1,'no',4,292),(303,1,'no',4,293),(304,1,'no',4,294),(305,6,'no',6,295),(306,6,'no',6,296),(307,6,'no',6,297),(308,6,'no',6,298),(309,6,'no',6,299),(310,6,'no',6,300),(311,6,'no',6,301),(312,6,'no',6,302),(313,6,'no',6,303),(314,6,'no',6,304),(315,6,'no',6,305),(316,6,'no',6,306),(317,5,'no',5,307),(318,5,'no',5,308),(319,5,'yes',5,309),(320,5,'no',5,310),(321,5,'no',5,311),(322,5,'no',5,312),(323,5,'no',5,313),(324,5,'yes',5,314),(325,5,'no',5,315),(326,5,'no',5,316),(327,6,'no',6,317),(328,6,'no',6,318),(329,6,'yes',6,319),(330,6,'no',6,320),(331,6,'no',6,321),(332,6,'no',6,322),(333,6,'no',6,323),(334,6,'yes',6,324),(335,6,'no',6,325),(336,6,'no',6,326),(337,1,'no',2,327),(338,1,'no',2,328),(339,1,'yes',2,329),(340,1,'no',2,330),(341,1,'no',2,331),(342,1,'no',2,332),(343,1,'no',2,333),(344,1,'yes',2,334),(345,1,'no',2,335),(346,1,'no',2,336),(347,5,'no',6,337),(348,5,'no',6,338),(349,5,'yes',6,339),(350,5,'no',6,340),(351,5,'no',6,341),(352,5,'no',6,342),(353,5,'no',6,343),(354,5,'yes',6,344),(355,5,'no',6,345),(356,5,'no',6,346),(357,7,'no',7,347),(358,7,'yes',7,348),(359,7,'no',7,349),(360,7,'no',7,350),(361,7,'no',7,351),(362,7,'no',7,352),(363,7,'no',7,353),(364,7,'no',7,354),(365,7,'no',7,355),(366,7,'yes',7,347),(367,7,'no',7,356),(368,1,'no',2,357),(369,1,'yes',2,358),(370,1,'no',2,359),(371,1,'no',2,360),(372,1,'no',2,361),(373,1,'no',2,362),(374,1,'no',2,363),(375,1,'no',2,364),(376,1,'no',2,365),(377,1,'yes',2,357),(378,1,'no',2,366),(379,2,'no',3,367),(380,2,'yes',3,368),(381,2,'no',3,369),(382,2,'no',3,370),(383,2,'no',3,371),(384,2,'no',3,372),(385,2,'no',3,373),(386,2,'no',3,374),(387,2,'no',3,375),(388,2,'yes',3,367),(389,2,'no',3,376),(390,3,'no',1,377),(391,3,'yes',1,378),(392,3,'no',1,379),(393,3,'no',1,380),(394,3,'no',1,381),(395,3,'no',1,382),(396,3,'no',1,383),(397,3,'no',1,384),(398,3,'no',1,385),(399,3,'yes',1,377),(400,3,'no',1,386),(401,8,'yes',7,387),(402,8,'no',7,388),(403,8,'yes',7,389),(404,8,'no',7,390),(405,8,'no',7,391),(406,8,'no',7,392),(407,8,'yes',7,393),(408,8,'no',7,394),(409,8,'no',7,395),(410,8,'no',7,396),(411,8,'yes',7,391),(412,5,'no',6,397),(413,5,'yes',6,398),(414,5,'no',6,398),(415,5,'no',6,399),(416,5,'no',6,400),(417,5,'no',6,401),(418,5,'no',6,402),(419,5,'no',6,403),(420,5,'no',6,404),(421,5,'yes',6,405),(422,5,'no',6,406),(423,8,'no',7,407),(424,8,'yes',7,408),(425,8,'no',7,408),(426,8,'no',7,409),(427,8,'no',7,410),(428,8,'no',7,411),(429,8,'no',7,412),(430,8,'no',7,413),(431,8,'no',7,414),(432,8,'yes',7,415),(433,8,'no',7,416),(434,7,'no',7,417),(435,7,'yes',7,418),(436,7,'no',7,419),(437,7,'yes',7,420),(438,7,'no',7,421),(439,7,'no',7,422),(440,7,'no',7,423),(441,7,'yes',7,419),(442,7,'no',7,424),(443,7,'no',7,425),(444,7,'no',7,426),(445,7,'no',7,418),(446,1,'yes',3,427),(447,1,'yes',3,428),(448,1,'yes',3,429),(449,1,'no',3,430),(450,1,'yes',3,431),(451,1,'no',3,432),(452,1,'no',3,433),(453,1,'no',3,434),(454,1,'no',3,435),(455,1,'no',3,436),(456,1,'yes',3,437),(457,1,'no',3,438),(458,1,'no',3,439),(459,1,'yes',4,440),(460,1,'yes',4,441),(461,1,'yes',4,442),(462,1,'no',4,443),(463,1,'yes',4,444),(464,1,'no',4,445),(465,1,'no',4,446),(466,1,'no',4,447),(467,1,'no',4,448),(468,1,'no',4,449),(469,1,'yes',4,450),(470,1,'no',4,451),(471,1,'no',4,452),(472,3,'yes',3,453),(473,3,'yes',3,454),(474,3,'yes',3,455),(475,3,'no',3,456),(476,3,'yes',3,457),(477,3,'no',3,458),(478,3,'no',3,459),(479,3,'no',3,460),(480,3,'no',3,461),(481,3,'no',3,462),(482,3,'yes',3,463),(483,3,'no',3,464),(484,3,'no',3,465),(485,7,'yes',6,466),(486,7,'yes',6,467),(487,7,'yes',6,468),(488,7,'no',6,468),(489,7,'no',6,467),(490,7,'no',6,469),(491,7,'yes',6,470),(492,7,'no',6,471),(493,7,'no',6,472),(494,7,'no',6,473),(495,7,'yes',6,474),(496,7,'yes',7,475),(497,7,'yes',7,476),(498,7,'yes',7,477),(499,7,'no',7,477),(500,7,'no',7,476),(501,7,'no',7,478),(502,7,'yes',7,479),(503,7,'no',7,480),(504,7,'no',7,481),(505,7,'no',7,482),(506,7,'yes',7,483),(507,7,'yes',7,484),(508,7,'yes',7,485),(509,7,'yes',7,486),(510,7,'no',7,486),(511,7,'no',7,485),(512,7,'no',7,487),(513,7,'yes',7,488),(514,7,'no',7,489),(515,7,'no',7,490),(516,7,'no',7,491),(517,7,'yes',7,492),(518,8,'no',7,493),(519,8,'no',7,494),(520,8,'yes',7,494),(521,8,'no',7,495),(522,8,'yes',7,496),(523,8,'no',7,497),(524,8,'no',7,498),(525,8,'no',7,499),(526,8,'no',7,500),(527,8,'yes',7,497),(528,4,'no',4,501),(529,4,'no',4,502),(530,4,'yes',4,502),(531,4,'no',4,503),(532,4,'yes',4,504),(533,4,'no',4,505),(534,4,'no',4,506),(535,4,'no',4,507),(536,4,'no',4,508),(537,4,'yes',4,505),(538,2,'no',1,509),(539,2,'no',1,510),(540,2,'yes',1,510),(541,2,'no',1,511),(542,2,'yes',1,512),(543,2,'no',1,513),(544,2,'no',1,514),(545,2,'no',1,515),(546,2,'no',1,516),(547,2,'yes',1,513),(548,5,'yes',6,517),(549,5,'no',6,518),(550,5,'no',6,519),(551,5,'no',6,520),(552,5,'no',6,521),(553,5,'no',6,522),(554,5,'no',6,523),(555,5,'no',6,524),(556,5,'yes',6,525),(557,5,'no',6,526),(558,5,'no',6,527),(559,5,'no',6,528),(560,5,'yes',6,529),(561,8,'no',7,530),(562,8,'no',7,531),(563,8,'no',7,532),(564,8,'no',7,533),(565,8,'yes',7,534),(566,8,'no',7,535),(567,8,'no',7,534),(568,8,'no',7,536),(569,8,'yes',7,537),(570,8,'no',2,538),(571,8,'no',2,539),(572,8,'no',2,540),(573,8,'no',2,541),(574,8,'yes',2,542),(575,8,'no',2,543),(576,8,'no',2,542),(577,8,'no',2,544),(578,8,'yes',2,545),(579,2,'no',5,546),(580,2,'no',5,547),(581,2,'no',5,548),(582,2,'no',5,549),(583,2,'yes',5,550),(584,2,'no',5,551),(585,2,'no',5,550),(586,2,'no',5,552),(587,2,'yes',5,553),(588,7,'no',7,554),(589,7,'yes',7,554),(590,7,'no',7,555),(591,7,'no',7,556),(592,7,'no',7,557),(593,7,'no',7,558),(594,7,'no',7,559),(595,7,'no',7,560),(596,7,'yes',7,561),(597,7,'no',7,562),(598,7,'no',7,563),(599,7,'no',7,564),(600,7,'yes',7,565),(601,5,'no',6,566),(602,5,'yes',6,566),(603,5,'no',6,567),(604,5,'no',6,568),(605,5,'no',6,569),(606,5,'no',6,570),(607,5,'no',6,571),(608,5,'no',6,572),(609,5,'yes',6,573),(610,5,'no',6,574),(611,5,'no',6,575),(612,5,'no',6,576),(613,5,'yes',6,577),(614,1,'no',2,578),(615,1,'no',2,579),(616,1,'no',2,580),(617,1,'no',2,581),(618,1,'no',2,582),(619,1,'no',2,583),(620,1,'no',2,584),(621,1,'no',2,585),(622,1,'no',2,586),(623,1,'no',2,587),(624,1,'no',2,588),(625,2,'no',3,589),(626,2,'no',3,590),(627,2,'no',3,591),(628,2,'no',3,592),(629,2,'no',3,593),(630,2,'no',3,594),(631,2,'no',3,595),(632,2,'no',3,596),(633,2,'no',3,597),(634,2,'no',3,598),(635,2,'no',3,599),(636,2,'no',5,600),(637,2,'no',5,601),(638,2,'no',5,602),(639,2,'no',5,603),(640,2,'no',5,604),(641,2,'no',5,605),(642,2,'no',5,606),(643,2,'no',5,607),(644,2,'no',5,608),(645,2,'no',5,609),(646,2,'no',5,610),(647,3,'no',1,611),(648,3,'no',1,612),(649,3,'no',1,613),(650,3,'no',1,614),(651,3,'no',1,615),(652,3,'no',1,616),(653,3,'no',1,617),(654,3,'no',1,618),(655,3,'no',1,619),(656,3,'no',1,620),(657,3,'no',1,621),(658,2,'no',3,622),(659,2,'no',3,623),(660,2,'no',3,624),(661,2,'no',3,625),(662,2,'no',3,626),(663,2,'no',3,627),(664,2,'no',3,628),(665,2,'no',3,629),(666,2,'no',3,630),(667,2,'no',3,631),(668,2,'no',3,632),(669,8,'no',2,633),(670,8,'no',2,634),(671,8,'no',2,635),(672,8,'no',2,636),(673,8,'no',2,637),(674,8,'no',2,638),(675,8,'no',2,639),(676,8,'no',2,640),(677,8,'no',2,641),(678,8,'no',2,642),(679,8,'no',2,643),(680,2,'no',3,644),(681,2,'no',3,645),(682,2,'no',3,646),(683,2,'no',3,647),(684,2,'no',3,648),(685,2,'no',3,649),(686,2,'no',3,650),(687,2,'no',3,651),(688,2,'no',3,652),(689,2,'no',3,653),(690,2,'no',3,654),(691,2,'no',3,655),(692,2,'no',3,656),(693,2,'no',3,657),(694,2,'no',3,658),(695,2,'no',3,659),(696,2,'yes',3,658),(697,2,'yes',3,657),(698,2,'no',3,660),(699,2,'no',3,661),(700,2,'yes',3,662),(701,2,'no',3,663),(702,2,'no',3,664),(703,2,'yes',3,664),(704,2,'no',3,665),(705,8,'no',7,666),(706,8,'no',7,667),(707,8,'no',7,668),(708,8,'no',7,669),(709,8,'no',7,670),(710,8,'yes',7,669),(711,8,'yes',7,668),(712,8,'no',7,671),(713,8,'no',7,672),(714,8,'yes',7,673),(715,8,'no',7,674),(716,8,'no',7,675),(717,8,'yes',7,675),(718,8,'no',7,676),(719,4,'yes',4,677),(720,4,'no',4,678),(721,4,'yes',4,678),(722,4,'yes',4,679),(723,4,'yes',4,680),(724,4,'no',4,681),(725,4,'no',4,682),(726,4,'no',4,677),(727,4,'no',4,683),(728,4,'no',4,684),(729,4,'yes',4,685),(730,4,'no',4,686),(731,1,'yes',2,687),(732,1,'no',2,688),(733,1,'yes',2,688),(734,1,'yes',2,689),(735,1,'yes',2,690),(736,1,'no',2,691),(737,1,'no',2,692),(738,1,'no',2,687),(739,1,'no',2,693),(740,1,'no',2,694),(741,1,'yes',2,695),(742,1,'no',2,696),(743,6,'yes',7,697),(744,6,'no',7,698),(745,6,'no',7,699),(746,6,'no',7,700),(747,6,'no',7,701),(748,6,'no',7,702),(749,6,'no',7,703),(750,6,'yes',7,704),(751,6,'no',7,705),(752,6,'no',7,706),(753,6,'no',7,707),(754,6,'no',7,708),(755,6,'yes',6,709),(756,6,'no',6,710),(757,6,'no',6,711),(758,6,'no',6,712),(759,6,'no',6,713),(760,6,'no',6,714),(761,6,'no',6,715),(762,6,'yes',6,716),(763,6,'no',6,717),(764,6,'no',6,718),(765,6,'no',6,719),(766,6,'no',6,720),(767,1,'no',4,721),(768,1,'no',4,722),(769,1,'no',4,723),(770,1,'no',4,724),(771,1,'no',4,725),(772,1,'no',4,726),(773,1,'no',4,727),(774,1,'no',4,728),(775,1,'no',4,729),(776,1,'yes',4,726),(777,5,'no',6,730),(778,5,'no',6,731),(779,5,'no',6,732),(780,5,'no',6,733),(781,5,'no',6,734),(782,5,'no',6,735),(783,5,'no',6,736),(784,5,'no',6,737),(785,5,'no',6,738),(786,5,'yes',6,735),(787,2,'no',3,739),(788,2,'no',3,740),(789,2,'no',3,741),(790,2,'no',3,742),(791,2,'no',3,743),(792,2,'no',3,744),(793,2,'no',3,745),(794,2,'no',3,746),(795,2,'no',3,747),(796,2,'yes',3,744),(797,7,'no',7,748),(798,7,'yes',7,749),(799,7,'yes',7,750),(800,7,'no',7,751),(801,7,'no',7,752),(802,7,'no',7,753),(803,7,'no',7,754),(804,7,'no',7,755),(805,7,'no',7,756),(806,7,'yes',7,751),(807,7,'no',7,757),(808,7,'no',7,749),(809,7,'no',7,758),(810,7,'yes',7,759),(811,7,'yes',7,760),(812,7,'no',7,761),(813,7,'no',7,762),(814,7,'no',7,763),(815,7,'no',7,764),(816,7,'no',7,765),(817,7,'no',7,766),(818,7,'yes',7,761),(819,7,'no',7,767),(820,7,'no',7,759),(821,8,'no',7,768),(822,8,'yes',7,769),(823,8,'yes',7,770),(824,8,'no',7,771),(825,8,'no',7,772),(826,8,'no',7,773),(827,8,'no',7,774),(828,8,'no',7,775),(829,8,'no',7,776),(830,8,'yes',7,771),(831,8,'no',7,777),(832,8,'no',7,769),(833,6,'no',6,778),(834,6,'yes',6,779),(835,6,'yes',6,780),(836,6,'no',6,781),(837,6,'no',6,782),(838,6,'no',6,783),(839,6,'no',6,784),(840,6,'no',6,785),(841,6,'no',6,786),(842,6,'yes',6,781),(843,6,'no',6,787),(844,6,'no',6,779),(845,3,'no',7,788),(846,3,'no',7,789),(847,3,'no',7,790),(848,3,'no',7,791),(849,3,'no',7,792),(850,3,'yes',7,791),(851,3,'no',7,793),(852,3,'no',7,794),(853,3,'no',7,795),(854,3,'yes',7,790),(855,3,'yes',7,796),(856,6,'no',6,797),(857,6,'no',6,798),(858,6,'no',6,799),(859,6,'no',6,800),(860,6,'no',6,801),(861,6,'yes',6,800),(862,6,'no',6,802),(863,6,'no',6,803),(864,6,'no',6,804),(865,6,'yes',6,799),(866,6,'yes',6,805),(867,8,'no',2,806),(868,8,'no',2,807),(869,8,'no',2,808),(870,8,'no',2,809),(871,8,'no',2,810),(872,8,'yes',2,809),(873,8,'no',2,811),(874,8,'no',2,812),(875,8,'no',2,813),(876,8,'yes',2,808),(877,8,'yes',2,814),(878,2,'no',5,815),(879,2,'no',5,816),(880,2,'no',5,817),(881,2,'no',5,818),(882,2,'no',5,819),(883,2,'no',5,820),(884,2,'no',5,821),(885,2,'no',5,822),(886,2,'yes',5,822),(887,2,'no',5,823),(888,2,'no',5,824),(889,2,'no',3,825),(890,2,'no',3,826),(891,2,'no',3,827),(892,2,'no',3,828),(893,2,'no',3,829),(894,2,'no',3,830),(895,2,'no',3,831),(896,2,'no',3,832),(897,2,'yes',3,832),(898,2,'no',3,833),(899,2,'no',3,834),(900,2,'no',3,835),(901,2,'no',3,836),(902,2,'no',3,837),(903,2,'no',3,838),(904,2,'no',3,839),(905,2,'no',3,840),(906,2,'no',3,841),(907,2,'no',3,842),(908,2,'yes',3,842),(909,2,'no',3,843),(910,2,'no',3,844),(911,3,'no',3,845),(912,3,'no',3,846),(913,3,'no',3,847),(914,3,'no',3,848),(915,3,'no',3,849),(916,3,'yes',3,850),(917,3,'no',3,851),(918,3,'no',3,852),(919,3,'no',3,853),(920,3,'no',3,854),(921,3,'no',3,855),(922,7,'no',7,856),(923,7,'no',7,857),(924,7,'no',7,858),(925,7,'no',7,859),(926,7,'no',7,860),(927,7,'yes',7,861),(928,7,'no',7,862),(929,7,'no',7,863),(930,7,'no',7,864),(931,7,'no',7,865),(932,7,'no',7,866),(933,8,'no',7,867),(934,8,'no',7,868),(935,8,'no',7,869),(936,8,'no',7,870),(937,8,'no',7,871),(938,8,'yes',7,872),(939,8,'no',7,873),(940,8,'no',7,874),(941,8,'no',7,875),(942,8,'no',7,876),(943,8,'no',7,877),(944,2,'yes',3,878),(945,2,'no',3,879),(946,2,'yes',3,880),(947,2,'no',3,881),(948,2,'no',3,882),(949,2,'no',3,883),(950,2,'no',3,884),(951,2,'yes',3,885),(952,2,'no',3,886),(953,2,'no',3,887),(954,2,'no',3,888),(955,2,'no',3,889),(956,6,'yes',7,890),(957,6,'no',7,891),(958,6,'yes',7,892),(959,6,'no',7,893),(960,6,'no',7,894),(961,6,'no',7,895),(962,6,'no',7,896),(963,6,'yes',7,897),(964,6,'no',7,898),(965,6,'no',7,899),(966,6,'no',7,900),(967,6,'no',7,901),(968,7,'yes',7,902),(969,7,'no',7,903),(970,7,'yes',7,904),(971,7,'no',7,905),(972,7,'no',7,906),(973,7,'no',7,907),(974,7,'no',7,908),(975,7,'yes',7,909),(976,7,'no',7,910),(977,7,'no',7,911),(978,7,'no',7,912),(979,7,'no',7,913),(980,1,'yes',3,914),(981,1,'yes',3,915),(982,1,'no',3,916),(983,1,'no',3,917),(984,1,'no',3,918),(985,1,'no',3,919),(986,1,'no',3,920),(987,1,'no',3,921),(988,1,'no',3,914),(989,1,'yes',3,922),(990,8,'yes',2,923),(991,8,'yes',2,924),(992,8,'no',2,925),(993,8,'no',2,926),(994,8,'no',2,927),(995,8,'no',2,928),(996,8,'no',2,929),(997,8,'no',2,930),(998,8,'no',2,923),(999,8,'yes',2,931),(1000,2,'no',2,932),(1001,2,'no',2,933),(1002,2,'no',2,934),(1003,2,'no',2,935),(1004,2,'no',2,936),(1005,2,'no',2,937),(1006,2,'no',2,938),(1007,2,'no',2,939),(1008,2,'no',2,940),(1009,2,'yes',2,941),(1010,2,'no',1,942),(1011,2,'no',1,943),(1012,2,'no',1,944),(1013,2,'no',1,945),(1014,2,'no',1,946),(1015,2,'no',1,947),(1016,2,'no',1,948),(1017,2,'no',1,949),(1018,2,'no',1,950),(1019,2,'yes',1,951),(1020,2,'no',3,952),(1021,2,'no',3,953),(1022,2,'yes',3,954),(1023,2,'no',3,954),(1024,2,'no',3,955),(1025,2,'no',3,956),(1026,2,'no',3,957),(1027,2,'no',3,958),(1028,2,'no',3,959),(1029,2,'yes',3,960),(1030,2,'yes',3,961),(1031,8,'no',7,962),(1032,8,'no',7,963),(1033,8,'yes',7,964),(1034,8,'no',7,964),(1035,8,'no',7,965),(1036,8,'no',7,966),(1037,8,'no',7,967),(1038,8,'no',7,968),(1039,8,'no',7,969),(1040,8,'yes',7,970),(1041,8,'yes',7,971),(1042,2,'yes',2,972),(1043,2,'yes',2,973),(1044,2,'no',2,974),(1045,2,'no',2,975),(1046,2,'yes',2,975),(1047,2,'no',2,973),(1048,2,'yes',2,976),(1049,2,'yes',2,977),(1050,2,'no',2,978),(1051,2,'no',2,979),(1052,2,'yes',2,980),(1053,2,'no',2,976),(1054,2,'no',2,981),(1055,3,'no',2,982),(1056,3,'no',2,983),(1057,3,'no',2,984),(1058,3,'no',2,985),(1059,3,'no',2,986),(1060,3,'yes',2,986),(1061,3,'no',2,987),(1062,3,'no',2,988),(1063,3,'yes',2,989),(1064,3,'yes',2,990),(1065,3,'yes',2,991),(1066,3,'no',2,992),(1067,3,'no',1,993),(1068,3,'yes',1,994),(1069,3,'yes',1,995),(1070,3,'no',1,996),(1071,3,'yes',1,993),(1072,3,'yes',1,997),(1073,3,'no',1,998),(1074,3,'no',1,997),(1075,3,'no',1,999),(1076,3,'no',1,1000),(1077,3,'no',1,1001),(1078,2,'no',1,1002),(1079,2,'yes',1,1003),(1080,2,'yes',1,1004),(1081,2,'no',1,1005),(1082,2,'yes',1,1002),(1083,2,'yes',1,1006),(1084,2,'no',1,1007),(1085,2,'no',1,1006),(1086,2,'no',1,1008),(1087,2,'no',1,1009),(1088,2,'no',1,1010),(1089,2,'yes',5,1011),(1090,2,'no',5,1012),(1091,2,'no',5,1013),(1092,2,'no',5,1014),(1093,2,'no',5,1015),(1094,2,'no',5,1016),(1095,2,'no',5,1011),(1096,2,'no',5,1017),(1097,2,'no',5,1018),(1098,3,'no',2,1019),(1099,3,'yes',2,1020),(1100,3,'no',2,1021),(1101,3,'yes',2,1022),(1102,3,'no',2,1023),(1103,3,'no',2,1024),(1104,3,'no',2,1025),(1105,3,'no',2,1026),(1106,3,'no',2,1027),(1107,3,'no',2,1028),(1108,3,'yes',2,1023),(1109,1,'no',4,1029),(1110,1,'no',4,1030),(1111,1,'no',4,1031),(1112,1,'yes',4,1032),(1113,1,'no',4,1033),(1114,1,'no',4,1034),(1115,1,'no',4,1032),(1116,1,'no',4,1035),(1117,1,'no',4,1036),(1118,1,'no',4,1037),(1119,8,'no',2,1038),(1120,8,'yes',2,1039),(1121,8,'no',2,1040),(1122,8,'no',2,1041),(1123,8,'no',2,1042),(1124,8,'no',2,1043),(1125,8,'no',2,1044),(1126,8,'no',2,1045),(1127,8,'yes',2,1046),(1128,8,'no',2,1047),(1129,3,'no',1,1048),(1130,3,'yes',1,1049),(1131,3,'no',1,1050),(1132,3,'no',1,1051),(1133,3,'no',1,1052),(1134,3,'no',1,1053),(1135,3,'no',1,1054),(1136,3,'no',1,1055),(1137,3,'yes',1,1056),(1138,3,'no',1,1057),(1139,2,'no',3,1058),(1140,2,'yes',3,1059),(1141,2,'no',3,1060),(1142,2,'no',3,1061),(1143,2,'no',3,1062),(1144,2,'no',3,1063),(1145,2,'no',3,1064),(1146,2,'no',3,1065),(1147,2,'yes',3,1066),(1148,2,'no',3,1067),(1149,1,'no',2,1068),(1150,1,'yes',2,1069),(1151,1,'no',2,1070),(1152,1,'no',2,1071),(1153,1,'no',2,1072),(1154,1,'no',2,1073),(1155,1,'no',2,1074),(1156,1,'no',2,1075),(1157,1,'yes',2,1076),(1158,1,'no',2,1077),(1159,6,'no',7,1078),(1160,6,'no',7,1079),(1161,6,'yes',7,1080),(1162,6,'no',7,1081),(1163,6,'no',7,1082),(1164,6,'no',7,1083),(1165,6,'no',7,1084),(1166,6,'no',7,1085),(1167,6,'yes',7,1086),(1168,6,'no',7,1087),(1169,6,'yes',7,1088),(1170,6,'no',7,1086),(1171,2,'no',3,1089),(1172,2,'no',3,1090),(1173,2,'no',3,1091),(1174,2,'no',3,1092),(1175,2,'yes',3,1093),(1176,2,'no',3,1094),(1177,2,'no',3,1095),(1178,2,'no',3,1096),(1179,2,'no',3,1097),(1180,2,'no',3,1098),(1181,6,'no',6,1099),(1182,6,'no',6,1100),(1183,6,'no',6,1101),(1184,6,'no',6,1102),(1185,6,'no',6,1103),(1186,6,'no',6,1104),(1187,6,'no',6,1105),(1188,6,'yes',6,1106),(1189,6,'yes',6,1107),(1190,6,'yes',6,1108),(1191,8,'no',7,1109),(1192,8,'no',7,1110),(1193,8,'no',7,1111),(1194,8,'no',7,1112),(1195,8,'no',7,1113),(1196,8,'no',7,1114),(1197,8,'no',7,1115),(1198,8,'yes',7,1116),(1199,8,'yes',7,1117),(1200,8,'yes',7,1118),(1201,1,'no',2,1119),(1202,1,'no',2,1120),(1203,1,'no',2,1121),(1204,1,'no',2,1122),(1205,1,'no',2,1123),(1206,1,'no',2,1124),(1207,1,'no',2,1125),(1208,1,'yes',2,1126),(1209,1,'yes',2,1127),(1210,1,'yes',2,1128),(1211,8,'no',2,1129),(1212,8,'yes',2,1130),(1213,8,'no',2,1131),(1214,8,'no',2,1132),(1215,8,'no',2,1133),(1216,8,'yes',2,1134),(1217,8,'no',2,1135),(1218,8,'no',2,1136),(1219,8,'no',2,1137),(1220,8,'no',2,1138),(1221,8,'no',2,1139),(1222,8,'yes',2,1139),(1223,8,'yes',2,1140),(1224,8,'no',2,1141),(1225,2,'no',1,1142),(1226,2,'yes',1,1143),(1227,2,'no',1,1144),(1228,2,'no',1,1145),(1229,2,'no',1,1146),(1230,2,'yes',1,1147),(1231,2,'no',1,1148),(1232,2,'no',1,1149),(1233,2,'no',1,1150),(1234,2,'no',1,1151),(1235,2,'no',1,1152),(1236,2,'yes',1,1152),(1237,2,'yes',1,1153),(1238,2,'no',1,1154),(1239,8,'no',2,1155),(1240,8,'no',2,1156),(1241,8,'no',2,1157),(1242,8,'no',2,1158),(1243,8,'no',2,1159),(1244,8,'no',2,1160),(1245,8,'yes',2,1159),(1246,8,'no',2,1161),(1247,8,'no',2,1162),(1248,8,'yes',2,1163),(1249,8,'no',2,1164),(1250,6,'no',7,1165),(1251,6,'no',7,1166),(1252,6,'no',7,1167),(1253,6,'no',7,1168),(1254,6,'no',7,1169),(1255,6,'no',7,1170),(1256,6,'yes',7,1169),(1257,6,'no',7,1171),(1258,6,'no',7,1172),(1259,6,'yes',7,1173),(1260,6,'no',7,1174),(1261,1,'no',2,1175),(1262,1,'no',2,1176),(1263,1,'no',2,1177),(1264,1,'no',2,1178),(1265,1,'no',2,1179),(1266,1,'no',2,1180),(1267,1,'yes',2,1179),(1268,1,'no',2,1181),(1269,1,'no',2,1182),(1270,1,'yes',2,1183),(1271,1,'no',2,1184),(1272,7,'no',7,1185),(1273,7,'no',7,1186),(1274,7,'no',7,1187),(1275,7,'no',7,1188),(1276,7,'no',7,1189),(1277,7,'no',7,1190),(1278,7,'yes',7,1189),(1279,7,'no',7,1191),(1280,7,'no',7,1192),(1281,7,'yes',7,1193),(1282,7,'no',7,1194),(1283,1,'no',2,1195),(1284,1,'no',2,1196),(1285,1,'yes',2,1197),(1286,1,'no',2,1198),(1287,1,'no',2,1199),(1288,1,'no',2,1200),(1289,1,'no',2,1201),(1290,1,'no',2,1202),(1291,1,'no',2,1203),(1292,1,'no',2,1204),(1293,2,'no',3,1205),(1294,2,'no',3,1206),(1295,2,'no',3,1207),(1296,2,'no',3,1208),(1297,2,'no',3,1209),(1298,2,'no',3,1210),(1299,2,'yes',3,1211),(1300,2,'no',3,1212),(1301,2,'no',3,1213),(1302,2,'no',3,1214),(1303,2,'no',3,1215),(1304,2,'no',3,1216),(1305,7,'yes',7,1217),(1306,7,'no',7,1218),(1307,7,'yes',7,1219),(1308,7,'no',7,1220),(1309,7,'no',7,1221),(1310,7,'no',7,1219),(1311,7,'no',7,1222),(1312,7,'no',7,1223),(1313,7,'no',7,1224),(1314,7,'yes',7,1225),(1315,7,'no',7,1226),(1316,7,'no',7,1227),(1317,7,'yes',7,1228),(1318,2,'yes',3,1229),(1319,2,'no',3,1230),(1320,2,'yes',3,1231),(1321,2,'no',3,1232),(1322,2,'no',3,1233),(1323,2,'no',3,1231),(1324,2,'no',3,1234),(1325,2,'no',3,1235),(1326,2,'no',3,1236),(1327,2,'yes',3,1237),(1328,2,'no',3,1238),(1329,2,'no',3,1239),(1330,2,'yes',3,1240),(1331,2,'yes',5,1241),(1332,2,'no',5,1242),(1333,2,'yes',5,1243),(1334,2,'no',5,1244),(1335,2,'no',5,1245),(1336,2,'no',5,1243),(1337,2,'no',5,1246),(1338,2,'no',5,1247),(1339,2,'no',5,1248),(1340,2,'yes',5,1249),(1341,2,'no',5,1250),(1342,2,'no',5,1251),(1343,2,'yes',5,1252),(1344,8,'yes',2,1253),(1345,8,'no',2,1254),(1346,8,'yes',2,1255),(1347,8,'no',2,1256),(1348,8,'no',2,1257),(1349,8,'no',2,1255),(1350,8,'no',2,1258),(1351,8,'no',2,1259),(1352,8,'no',2,1260),(1353,8,'yes',2,1261),(1354,8,'no',2,1262),(1355,8,'no',2,1263),(1356,8,'yes',2,1264),(1357,5,'yes',6,1265),(1358,5,'no',6,1266),(1359,5,'yes',6,1267),(1360,5,'no',6,1268),(1361,5,'no',6,1269),(1362,5,'no',6,1267),(1363,5,'no',6,1270),(1364,5,'no',6,1271),(1365,5,'no',6,1272),(1366,5,'yes',6,1273),(1367,5,'no',6,1274),(1368,5,'no',6,1275),(1369,5,'yes',6,1276),(1370,1,'yes',4,1277),(1371,1,'no',4,1278),(1372,1,'yes',4,1279),(1373,1,'no',4,1280),(1374,1,'no',4,1281),(1375,1,'no',4,1279),(1376,1,'no',4,1282),(1377,1,'no',4,1283),(1378,1,'no',4,1284),(1379,1,'yes',4,1285),(1380,1,'no',4,1286),(1381,1,'no',4,1287),(1382,1,'yes',4,1288),(1383,8,'no',7,1289),(1384,8,'no',7,1290),(1385,8,'no',7,1291),(1386,8,'no',7,1292),(1387,8,'no',7,1293),(1388,8,'no',7,1294),(1389,8,'no',7,1295),(1390,8,'yes',7,1296),(1391,8,'no',7,1297),(1392,8,'yes',7,1298),(1393,8,'no',7,1296),(1394,5,'no',6,1299),(1395,5,'no',6,1300),(1396,5,'no',6,1301),(1397,5,'no',6,1302),(1398,5,'no',6,1303),(1399,5,'no',6,1304),(1400,5,'no',6,1305),(1401,5,'yes',6,1306),(1402,5,'no',6,1307),(1403,5,'yes',6,1308),(1404,5,'no',6,1306),(1405,1,'no',3,1309),(1406,1,'no',3,1310),(1407,1,'no',3,1311),(1408,1,'no',3,1312),(1409,1,'no',3,1313),(1410,1,'no',3,1314),(1411,1,'no',3,1315),(1412,1,'yes',3,1316),(1413,1,'no',3,1317),(1414,1,'yes',3,1318),(1415,1,'no',3,1316),(1416,7,'yes',7,1319),(1417,7,'no',7,1320),(1418,7,'no',7,1321),(1419,7,'no',7,1322),(1420,7,'no',7,1319),(1421,7,'no',7,1323),(1422,7,'no',7,1324),(1423,7,'yes',7,1325),(1424,7,'no',7,1326),(1425,7,'yes',7,1327),(1426,7,'no',7,1328),(1427,7,'no',7,1329),(1428,1,'yes',4,1330),(1429,1,'no',4,1331),(1430,1,'no',4,1332),(1431,1,'no',4,1333),(1432,1,'no',4,1330),(1433,1,'no',4,1334),(1434,1,'no',4,1335),(1435,1,'yes',4,1336),(1436,1,'no',4,1337),(1437,1,'yes',4,1338),(1438,1,'no',4,1339),(1439,1,'no',4,1340),(1440,3,'yes',3,1341),(1441,3,'no',3,1342),(1442,3,'no',3,1343),(1443,3,'no',3,1344),(1444,3,'no',3,1341),(1445,3,'no',3,1345),(1446,3,'no',3,1346),(1447,3,'yes',3,1347),(1448,3,'no',3,1348),(1449,3,'yes',3,1349),(1450,3,'no',3,1350),(1451,3,'no',3,1351),(1452,7,'no',7,1352),(1453,7,'no',7,1353),(1454,7,'no',7,1354),(1455,7,'yes',7,1355),(1456,7,'no',7,1356),(1457,7,'no',7,1357),(1458,7,'no',7,1358),(1459,7,'no',7,1359),(1460,7,'no',7,1360),(1461,7,'no',7,1361),(1462,7,'no',7,1362),(1463,7,'no',7,1363),(1464,7,'no',7,1364),(1465,7,'yes',7,1361),(1466,3,'no',3,1365),(1467,3,'no',3,1366),(1468,3,'no',3,1367),(1469,3,'yes',3,1368),(1470,3,'no',3,1369),(1471,3,'no',3,1370),(1472,3,'no',3,1371),(1473,3,'no',3,1372),(1474,3,'no',3,1373),(1475,3,'no',3,1374),(1476,3,'no',3,1375),(1477,3,'no',3,1376),(1478,3,'no',3,1377),(1479,3,'yes',3,1374),(1480,2,'no',3,1378),(1481,2,'no',3,1379),(1482,2,'no',3,1380),(1483,2,'yes',3,1381),(1484,2,'no',3,1382),(1485,2,'no',3,1383),(1486,2,'no',3,1384),(1487,2,'no',3,1385),(1488,2,'no',3,1386),(1489,2,'no',3,1387),(1490,2,'no',3,1388),(1491,2,'no',3,1389),(1492,2,'no',3,1390),(1493,2,'yes',3,1387),(1494,5,'no',6,1391),(1495,5,'no',6,1392),(1496,5,'no',6,1393),(1497,5,'no',6,1394),(1498,5,'no',6,1395),(1499,5,'yes',6,1396),(1500,5,'yes',6,1397),(1501,5,'no',6,1398),(1502,5,'no',6,1399),(1503,5,'yes',6,1391),(1504,7,'no',7,1400),(1505,7,'no',7,1401),(1506,7,'yes',7,1402),(1507,7,'no',7,1403),(1508,7,'yes',7,1404),(1509,7,'yes',7,1405),(1510,7,'no',7,1402),(1511,7,'no',7,1406),(1512,7,'no',7,1407),(1513,7,'yes',7,1408),(1514,8,'no',7,1409),(1515,8,'no',7,1410),(1516,8,'yes',7,1411),(1517,8,'no',7,1412),(1518,8,'yes',7,1413),(1519,8,'yes',7,1414),(1520,8,'no',7,1411),(1521,8,'no',7,1415),(1522,8,'no',7,1416),(1523,8,'yes',7,1417),(1524,5,'no',6,1418),(1525,5,'no',6,1419),(1526,5,'yes',6,1420),(1527,5,'no',6,1421),(1528,5,'no',6,1420),(1529,5,'no',6,1422),(1530,5,'no',6,1423),(1531,5,'yes',6,1424),(1532,5,'no',6,1425),(1533,5,'yes',6,1421),(1534,5,'yes',6,1426),(1535,5,'yes',6,1427),(1536,8,'no',7,1428),(1537,8,'no',7,1429),(1538,8,'no',7,1430),(1539,8,'no',7,1431),(1540,8,'yes',7,1432),(1541,8,'no',7,1432),(1542,8,'no',7,1433),(1543,8,'no',7,1434),(1544,8,'yes',7,1435),(1545,8,'yes',7,1436),(1546,5,'no',6,1437),(1547,5,'no',6,1438),(1548,5,'yes',6,1439),(1549,5,'no',6,1440),(1550,5,'yes',6,1441),(1551,5,'no',6,1442),(1552,5,'yes',6,1443),(1553,5,'no',6,1444),(1554,5,'no',6,1441),(1555,5,'yes',6,1445),(1556,5,'no',6,1446),(1557,5,'no',6,1447),(1558,5,'yes',6,1448),(1559,5,'no',6,1449),(1560,5,'yes',6,1450),(1561,5,'no',6,1451),(1562,5,'yes',6,1452),(1563,5,'no',6,1453),(1564,5,'no',6,1450),(1565,5,'yes',6,1454),(1566,8,'no',7,1455),(1567,8,'no',7,1456),(1568,8,'yes',7,1457),(1569,8,'no',7,1458),(1570,8,'yes',7,1459),(1571,8,'no',7,1460),(1572,8,'yes',7,1461),(1573,8,'no',7,1462),(1574,8,'no',7,1459),(1575,8,'yes',7,1463),(1576,1,'no',3,1464),(1577,1,'no',3,1465),(1578,1,'no',3,1466),(1579,1,'no',3,1467),(1580,1,'no',3,1468),(1581,1,'no',3,1469),(1582,1,'no',3,1470),(1583,1,'yes',3,1471),(1584,1,'yes',3,1472),(1585,1,'no',3,1473),(1586,3,'no',2,1474),(1587,3,'yes',2,1474),(1588,3,'yes',2,1475),(1589,3,'no',2,1476),(1590,3,'no',2,1477),(1591,3,'no',2,1478),(1592,3,'no',2,1479),(1593,3,'no',2,1480),(1594,3,'no',2,1481),(1595,3,'yes',2,1482),(1596,2,'no',2,1483),(1597,2,'no',2,1484),(1598,2,'no',2,1485),(1599,2,'yes',2,1486),(1600,2,'no',2,1487),(1601,2,'yes',2,1488),(1602,2,'yes',2,1489),(1603,2,'yes',2,1490),(1604,2,'no',2,1491),(1605,2,'yes',2,1492),(1606,2,'no',2,1493),(1607,2,'yes',2,1494),(1608,2,'yes',2,1495),(1609,2,'no',2,1496),(1610,1,'no',2,1497),(1611,1,'no',2,1498),(1612,1,'no',2,1499),(1613,1,'no',2,1500),(1614,1,'no',2,1501),(1615,1,'no',2,1502),(1616,1,'no',2,1503),(1617,1,'no',2,1504),(1618,1,'no',2,1505),(1619,1,'yes',2,1506),(1620,1,'no',2,1507),(1621,2,'no',3,1508),(1622,2,'no',3,1509),(1623,2,'no',3,1510),(1624,2,'no',3,1511),(1625,2,'no',3,1512),(1626,2,'no',3,1513),(1627,2,'no',3,1514),(1628,2,'yes',3,1514),(1629,2,'no',3,1515),(1630,2,'yes',3,1516),(1631,2,'yes',3,1517),(1632,2,'no',3,1518),(1633,7,'no',7,1519),(1634,7,'no',7,1520),(1635,7,'no',7,1521),(1636,7,'yes',7,1522),(1637,7,'yes',7,1523),(1638,7,'no',7,1524),(1639,7,'yes',7,1525),(1640,7,'no',7,1526),(1641,7,'no',7,1527),(1642,7,'yes',7,1528),(1643,7,'no',7,1529),(1644,7,'no',7,1530),(1645,8,'no',7,1531),(1646,8,'yes',7,1532),(1647,8,'no',7,1532),(1648,8,'no',7,1533),(1649,8,'no',7,1534),(1650,8,'no',7,1535),(1651,8,'no',7,1536),(1652,8,'no',7,1537),(1653,8,'no',7,1538),(1654,5,'no',6,1539),(1655,5,'no',6,1540),(1656,5,'no',6,1541),(1657,5,'no',6,1542),(1658,5,'yes',6,1543),(1659,5,'no',6,1544),(1660,5,'no',6,1545),(1661,5,'no',6,1546),(1662,5,'yes',6,1547),(1663,5,'no',6,1548),(1664,5,'yes',6,1544),(1665,5,'no',6,1549),(1666,7,'no',7,1550),(1667,7,'no',7,1551),(1668,7,'no',7,1552),(1669,7,'no',7,1553),(1670,7,'yes',7,1553),(1671,7,'yes',7,1554),(1672,7,'no',7,1555),(1673,7,'yes',7,1556),(1674,7,'no',7,1557),(1675,7,'no',7,1558);
/*!40000 ALTER TABLE `behavior` ENABLE KEYS */;
UNLOCK TABLES;

--
-- Table structure for table `factor`
--

DROP TABLE IF EXISTS `factor`;
/*!40101 SET @saved_cs_client     = @@character_set_client */;
/*!50503 SET character_set_client = utf8mb4 */;
CREATE TABLE `factor` (
  `factor_id` int NOT NULL,
  `air_pollution` int DEFAULT NULL,
  `dust_allergy` int DEFAULT NULL,
  `occupational_hazards` int DEFAULT NULL,
  `genetic_risk` int DEFAULT NULL,
  `chronic_lung_disease` int DEFAULT NULL,
  `cancer_id` int DEFAULT NULL,
  PRIMARY KEY (`factor_id`),
  KEY `cancer_id` (`cancer_id`),
  CONSTRAINT `factor_ibfk_1` FOREIGN KEY (`cancer_id`) REFERENCES `symptom` (`cancer_id`)
) ENGINE=InnoDB DEFAULT CHARSET=utf8mb4 COLLATE=utf8mb4_0900_ai_ci;
/*!40101 SET character_set_client = @saved_cs_client */;

--
-- Dumping data for table `factor`
--

LOCK TABLES `factor` WRITE;
/*!40000 ALTER TABLE `factor` DISABLE KEYS */;
INSERT INTO `factor` VALUES (1,2,5,4,3,2,1),(2,6,7,7,7,6,2),(3,3,4,2,3,2,3),(4,6,7,7,7,6,4),(5,6,7,7,7,7,5),(6,1,7,8,7,6,6),(7,4,6,5,5,4,7),(8,1,2,4,2,6,8),(9,2,5,3,2,3,9),(10,6,7,7,7,6,10),(11,4,6,5,6,5,11),(12,2,2,3,6,6,12),(13,2,2,1,2,1,13),(14,7,7,7,6,7,14),(15,8,7,7,7,6,15),(16,6,7,7,7,6,16),(17,1,3,4,2,4,17),(18,6,7,7,7,6,15),(19,2,4,2,4,3,18),(20,3,1,2,3,5,19),(21,3,4,3,2,3,20),(22,1,7,5,3,2,21),(23,6,7,7,7,6,22),(24,2,2,1,3,2,23),(25,4,6,6,5,4,24),(26,6,7,7,6,7,14),(27,3,4,2,3,2,25),(28,7,7,7,7,6,16),(29,6,7,7,6,7,26),(30,2,5,6,5,5,27),(31,3,2,1,1,1,28),(32,3,1,3,2,4,29),(33,3,3,2,3,2,30),(34,5,3,1,2,3,31),(35,2,5,2,1,1,32),(36,3,1,3,2,1,33),(37,2,5,6,5,5,34),(38,2,2,3,4,3,35),(39,6,8,7,6,7,36),(40,2,6,7,7,7,37),(41,1,4,5,6,5,38),(42,2,1,4,3,2,39),(43,4,3,2,1,2,40),(44,2,3,4,3,5,41),(45,1,2,3,2,4,42),(46,4,3,4,2,3,43),(47,2,1,3,2,5,44),(48,2,4,2,1,1,45),(49,3,1,1,2,3,46),(50,6,6,5,5,4,7);
/*!40000 ALTER TABLE `factor` ENABLE KEYS */;
UNLOCK TABLES;

--
-- Table structure for table `insurance_info`
--

DROP TABLE IF EXISTS `insurance_info`;
/*!40101 SET @saved_cs_client     = @@character_set_client */;
/*!50503 SET character_set_client = utf8mb4 */;
CREATE TABLE `insurance_info` (
  `insurance_id` int NOT NULL,
  `charge_level` int DEFAULT NULL,
  `patient_id` int DEFAULT NULL,
  PRIMARY KEY (`insurance_id`),
  KEY `patient_id` (`patient_id`),
  CONSTRAINT `insurance_info_ibfk_1` FOREIGN KEY (`patient_id`) REFERENCES `patient` (`patient_id`)
) ENGINE=InnoDB DEFAULT CHARSET=utf8mb4 COLLATE=utf8mb4_0900_ai_ci;
/*!40101 SET character_set_client = @saved_cs_client */;

--
-- Dumping data for table `insurance_info`
--

LOCK TABLES `insurance_info` WRITE;
/*!40000 ALTER TABLE `insurance_info` DISABLE KEYS */;
INSERT INTO `insurance_info` VALUES (1,4,1),(2,1,2),(3,3,3),(4,3,4),(5,2,5),(6,4,6),(7,4,7),(8,2,8),(9,2,9),(10,4,4),(11,1,10),(12,2,11),(13,2,12),(14,4,13),(15,1,14),(16,3,15),(17,3,16),(18,2,17),(19,4,18),(20,4,19),(21,2,20),(22,2,21),(23,4,16),(24,1,22),(25,2,23),(26,2,24),(27,4,25),(28,1,26),(29,3,27),(30,3,28),(31,2,29),(32,4,30),(33,4,31),(34,2,32),(35,2,33),(36,4,28),(37,1,34),(38,2,35),(39,2,36),(40,4,37),(41,1,38),(42,3,39),(43,3,40),(44,2,41),(45,4,42),(46,4,43),(47,2,44),(48,2,45),(49,4,40),(50,1,46),(51,2,47),(52,2,48),(53,4,49),(54,1,50),(55,3,51),(56,3,52),(57,2,53),(58,4,54),(59,4,55),(60,2,56),(61,2,57),(62,4,52),(63,1,58),(64,2,59),(65,2,60),(66,4,61),(67,1,62),(68,3,63),(69,3,64),(70,2,65),(71,4,66),(72,4,67),(73,2,68),(74,2,69),(75,4,64),(76,1,70),(77,2,71),(78,2,72),(79,4,73),(80,2,74),(81,2,75),(82,4,76),(83,1,77),(84,2,78),(85,4,79),(86,2,80),(87,2,81),(88,1,82),(89,4,83),(90,4,84),(91,2,85),(92,2,86),(93,4,87),(94,1,88),(95,2,89),(96,4,90),(97,2,91),(98,2,92),(99,1,93),(100,4,94),(101,4,95),(102,2,96),(103,2,97),(104,4,98),(105,1,99),(106,2,100),(107,4,101),(108,2,102),(109,2,103),(110,1,104),(111,4,105),(112,4,106),(113,2,107),(114,2,108),(115,4,109),(116,1,110),(117,2,111),(118,4,112),(119,2,113),(120,2,114),(121,1,115),(122,4,116),(123,4,117),(124,2,118),(125,2,119),(126,4,120),(127,1,121),(128,2,122),(129,4,123),(130,2,124),(131,2,125),(132,1,126),(133,4,127),(134,4,128),(135,2,129),(136,2,130),(137,4,131),(138,1,132),(139,2,133),(140,4,134),(141,2,135),(142,2,136),(143,1,137),(144,4,138),(145,4,139),(146,2,140),(147,2,141),(148,4,142),(149,1,143),(150,2,144),(151,4,145),(152,2,146),(153,2,147),(154,1,148),(155,4,149),(156,2,150),(157,2,151),(158,1,152),(159,2,153),(160,2,154),(161,4,155),(162,4,156),(163,2,157),(164,4,158),(165,4,159),(166,4,152),(167,2,160),(168,2,161),(169,2,162),(170,2,163),(171,1,164),(172,2,165),(173,2,166),(174,4,167),(175,4,168),(176,2,169),(177,4,170),(178,4,171),(179,4,164),(180,2,172),(181,2,173),(182,2,174),(183,2,175),(184,1,176),(185,2,177),(186,2,178),(187,4,179),(188,4,180),(189,2,181),(190,4,182),(191,4,183),(192,4,176),(193,2,184),(194,2,185),(195,2,186),(196,2,187),(197,1,188),(198,2,189),(199,2,190),(200,4,191),(201,4,192),(202,2,193),(203,4,194),(204,4,195),(205,4,188),(206,2,196),(207,2,197),(208,2,198),(209,2,199),(210,1,200),(211,2,201),(212,2,202),(213,4,203),(214,4,204),(215,2,205),(216,4,206),(217,4,207),(218,4,200),(219,2,208),(220,2,209),(221,2,210),(222,2,211),(223,1,212),(224,2,213),(225,2,214),(226,4,215),(227,4,216),(228,2,217),(229,4,218),(230,4,219),(231,4,212),(232,2,220),(233,2,221),(234,4,222),(235,2,223),(236,4,224),(237,2,225),(238,2,226),(239,4,227),(240,2,224),(241,2,228),(242,3,229),(243,2,230),(244,2,231),(245,2,232),(246,2,222),(247,4,233),(248,2,234),(249,4,235),(250,2,236),(251,2,237),(252,4,238),(253,2,235),(254,2,239),(255,3,240),(256,2,241),(257,2,242),(258,2,243),(259,2,233),(260,3,244),(261,2,245),(262,3,246),(263,3,247),(264,3,248),(265,4,248),(266,4,249),(267,4,250),(268,2,251),(269,4,252),(270,4,253),(271,3,254),(272,3,255),(273,3,256),(274,3,257),(275,2,258),(276,3,259),(277,3,260),(278,3,261),(279,4,261),(280,4,262),(281,4,263),(282,2,264),(283,4,265),(284,4,266),(285,3,267),(286,3,268),(287,3,269),(288,3,270),(289,2,271),(290,3,272),(291,3,273),(292,3,274),(293,4,274),(294,4,275),(295,4,276),(296,2,277),(297,4,278),(298,4,279),(299,3,280),(300,3,281),(301,3,282),(302,1,283),(303,1,284),(304,1,285),(305,1,286),(306,1,287),(307,1,288),(308,4,289),(309,4,290),(310,1,291),(311,2,292),(312,1,293),(313,1,294),(314,1,295),(315,1,296),(316,1,297),(317,1,298),(318,1,299),(319,1,300),(320,4,301),(321,4,302),(322,1,303),(323,2,304),(324,1,305),(325,1,306),(326,2,307),(327,2,308),(328,4,309),(329,4,310),(330,2,311),(331,2,312),(332,2,313),(333,4,314),(334,2,315),(335,2,316),(336,2,317),(337,2,318),(338,4,319),(339,4,320),(340,2,321),(341,2,322),(342,2,323),(343,4,324),(344,2,325),(345,2,326),(346,2,327),(347,2,328),(348,4,329),(349,4,330),(350,2,331),(351,2,332),(352,2,333),(353,4,334),(354,2,335),(355,2,336),(356,2,337),(357,2,338),(358,4,339),(359,4,340),(360,2,341),(361,2,342),(362,2,343),(363,4,344),(364,2,345),(365,2,346),(366,2,347),(367,4,348),(368,2,349),(369,2,350),(370,2,351),(371,2,352),(372,2,353),(373,2,354),(374,4,355),(375,4,347),(376,2,356),(377,2,357),(378,4,358),(379,2,359),(380,2,360),(381,2,361),(382,2,362),(383,2,363),(384,2,364),(385,4,365),(386,4,357),(387,2,366),(388,2,367),(389,4,368),(390,2,369),(391,2,370),(392,2,371),(393,2,372),(394,2,373),(395,2,374),(396,4,375),(397,4,367),(398,2,376),(399,2,377),(400,4,378),(401,2,379),(402,2,380),(403,2,381),(404,2,382),(405,2,383),(406,2,384),(407,4,385),(408,4,377),(409,2,386),(410,4,387),(411,3,388),(412,4,389),(413,4,390),(414,3,391),(415,4,392),(416,4,393),(417,3,394),(418,3,395),(419,4,396),(420,4,391),(421,2,397),(422,4,398),(423,2,398),(424,2,399),(425,2,400),(426,2,401),(427,2,402),(428,2,403),(429,2,404),(430,4,405),(431,2,406),(432,2,407),(433,4,408),(434,2,408),(435,2,409),(436,2,410),(437,2,411),(438,2,412),(439,2,413),(440,2,414),(441,4,415),(442,2,416),(443,4,417),(444,4,418),(445,1,419),(446,4,420),(447,1,421),(448,3,422),(449,1,423),(450,4,419),(451,1,424),(452,1,425),(453,3,426),(454,2,418),(455,1,426),(456,4,427),(457,4,428),(458,4,429),(459,1,430),(460,4,431),(461,4,432),(462,1,433),(463,1,434),(464,1,435),(465,4,436),(466,4,437),(467,1,438),(468,1,439),(469,4,440),(470,4,441),(471,4,442),(472,1,443),(473,4,444),(474,4,445),(475,1,446),(476,1,447),(477,1,448),(478,4,449),(479,4,450),(480,1,451),(481,1,452),(482,4,453),(483,4,454),(484,4,455),(485,1,456),(486,4,457),(487,4,458),(488,1,459),(489,1,460),(490,1,461),(491,4,462),(492,4,463),(493,1,464),(494,1,465),(495,4,466),(496,4,467),(497,4,468),(498,2,468),(499,1,467),(500,2,469),(501,4,470),(502,2,471),(503,1,472),(504,2,473),(505,4,474),(506,4,475),(507,4,476),(508,4,477),(509,2,477),(510,1,476),(511,2,478),(512,4,479),(513,2,480),(514,1,481),(515,2,482),(516,4,483),(517,4,484),(518,4,485),(519,4,486),(520,2,486),(521,1,485),(522,2,487),(523,4,488),(524,2,489),(525,1,490),(526,2,491),(527,4,492),(528,1,493),(529,1,494),(530,4,494),(531,1,495),(532,4,496),(533,1,497),(534,1,498),(535,4,499),(536,3,500),(537,4,497),(538,1,501),(539,1,502),(540,4,502),(541,1,503),(542,4,504),(543,1,505),(544,1,506),(545,4,507),(546,3,508),(547,4,505),(548,1,509),(549,1,510),(550,4,510),(551,1,511),(552,4,512),(553,1,513),(554,1,514),(555,4,515),(556,3,516),(557,4,513),(558,4,517),(559,3,518),(560,3,519),(561,3,520),(562,3,521),(563,3,522),(564,3,523),(565,4,524),(566,4,525),(567,3,526),(568,4,527),(569,3,528),(570,4,529),(571,3,530),(572,3,531),(573,4,532),(574,3,533),(575,4,534),(576,3,535),(577,3,534),(578,3,536),(579,4,537),(580,3,538),(581,3,539),(582,4,540),(583,3,541),(584,4,542),(585,3,543),(586,3,542),(587,3,544),(588,4,545),(589,3,546),(590,3,547),(591,4,548),(592,3,549),(593,4,550),(594,3,551),(595,3,550),(596,3,552),(597,4,553),(598,1,554),(599,4,554),(600,2,555),(601,1,556),(602,1,557),(603,1,558),(604,1,559),(605,1,560),(606,4,561),(607,1,562),(608,2,563),(609,1,564),(610,4,565),(611,1,566),(612,4,566),(613,2,567),(614,1,568),(615,1,569),(616,1,570),(617,1,571),(618,1,572),(619,4,573),(620,1,574),(621,2,575),(622,1,576),(623,4,577),(624,2,578),(625,2,579),(626,2,580),(627,2,581),(628,2,582),(629,2,583),(630,2,584),(631,2,585),(632,2,586),(633,2,587),(634,2,588),(635,2,589),(636,2,590),(637,2,591),(638,2,592),(639,2,593),(640,2,594),(641,2,595),(642,2,596),(643,2,597),(644,2,598),(645,2,599),(646,2,600),(647,2,601),(648,2,602),(649,2,603),(650,2,604),(651,2,605),(652,2,606),(653,2,607),(654,2,608),(655,2,609),(656,2,610),(657,2,611),(658,2,612),(659,2,613),(660,2,614),(661,2,615),(662,2,616),(663,2,617),(664,2,618),(665,2,619),(666,2,620),(667,2,621),(668,2,622),(669,2,623),(670,2,624),(671,2,625),(672,2,626),(673,2,627),(674,2,628),(675,2,629),(676,2,630),(677,2,631),(678,2,632),(679,2,633),(680,2,634),(681,2,635),(682,2,636),(683,2,637),(684,2,638),(685,2,639),(686,2,640),(687,2,641),(688,2,642),(689,2,643),(690,2,644),(691,2,645),(692,2,646),(693,2,647),(694,2,648),(695,2,649),(696,2,650),(697,2,651),(698,2,652),(699,2,653),(700,2,654),(701,1,655),(702,1,656),(703,1,657),(704,1,658),(705,1,659),(706,4,658),(707,4,657),(708,1,660),(709,1,661),(710,4,662),(711,1,663),(712,1,664),(713,4,664),(714,4,665),(715,1,666),(716,1,667),(717,1,668),(718,1,669),(719,1,670),(720,4,669),(721,4,668),(722,1,671),(723,1,672),(724,4,673),(725,1,674),(726,1,675),(727,4,675),(728,4,676),(729,4,677),(730,2,678),(731,4,678),(732,4,679),(733,4,680),(734,2,681),(735,2,682),(736,2,677),(737,2,683),(738,2,684),(739,4,685),(740,2,686),(741,4,687),(742,2,688),(743,4,688),(744,4,689),(745,4,690),(746,2,691),(747,2,692),(748,2,687),(749,2,693),(750,2,694),(751,4,695),(752,2,696),(753,4,697),(754,2,698),(755,2,699),(756,2,700),(757,1,701),(758,4,702),(759,2,703),(760,4,704),(761,1,705),(762,1,706),(763,1,707),(764,1,708),(765,4,709),(766,2,710),(767,2,711),(768,2,712),(769,1,713),(770,4,714),(771,2,715),(772,4,716),(773,1,717),(774,1,718),(775,1,719),(776,1,720),(777,1,721),(778,4,721),(779,1,722),(780,4,723),(781,1,724),(782,1,725),(783,1,723),(784,1,726),(785,1,727),(786,1,728),(787,1,729),(788,4,726),(789,1,730),(790,4,730),(791,1,731),(792,4,732),(793,1,733),(794,1,734),(795,1,732),(796,1,735),(797,1,736),(798,1,737),(799,1,738),(800,4,735),(801,1,739),(802,4,739),(803,1,740),(804,4,741),(805,1,742),(806,1,743),(807,1,741),(808,1,744),(809,1,745),(810,1,746),(811,1,747),(812,4,744),(813,1,748),(814,4,749),(815,4,750),(816,1,751),(817,1,752),(818,1,753),(819,1,754),(820,1,755),(821,1,756),(822,4,751),(823,4,755),(824,2,757),(825,1,749),(826,1,758),(827,4,759),(828,4,760),(829,1,761),(830,1,762),(831,1,763),(832,1,764),(833,1,765),(834,1,766),(835,4,761),(836,4,765),(837,2,767),(838,1,759),(839,1,768),(840,4,769),(841,4,770),(842,1,771),(843,1,772),(844,1,773),(845,1,774),(846,1,775),(847,1,776),(848,4,771),(849,4,775),(850,2,777),(851,1,769),(852,1,778),(853,4,779),(854,4,780),(855,1,781),(856,1,782),(857,1,783),(858,1,784),(859,1,785),(860,1,786),(861,4,781),(862,4,785),(863,2,787),(864,1,779),(865,1,788),(866,2,789),(867,1,790),(868,1,791),(869,1,792),(870,4,791),(871,1,793),(872,1,794),(873,1,795),(874,4,790),(875,4,796),(876,1,797),(877,2,798),(878,1,799),(879,1,800),(880,1,801),(881,4,800),(882,1,802),(883,1,803),(884,1,804),(885,4,799),(886,4,805),(887,1,806),(888,2,807),(889,1,808),(890,1,809),(891,1,810),(892,4,809),(893,1,811),(894,1,812),(895,1,813),(896,4,808),(897,4,814),(898,2,815),(899,2,816),(900,2,817),(901,2,818),(902,2,819),(903,2,820),(904,2,821),(905,4,822),(906,4,823),(907,2,824),(908,2,825),(909,2,826),(910,2,827),(911,2,828),(912,2,829),(913,2,830),(914,2,831),(915,4,832),(916,4,833),(917,2,834),(918,2,835),(919,2,836),(920,2,837),(921,2,838),(922,2,839),(923,2,840),(924,2,841),(925,4,842),(926,4,843),(927,2,844),(928,1,845),(929,1,846),(930,1,847),(931,4,848),(932,1,849),(933,3,850),(934,1,851),(935,1,852),(936,1,853),(937,1,854),(938,1,855),(939,1,856),(940,1,857),(941,1,858),(942,4,859),(943,1,860),(944,3,861),(945,1,862),(946,1,863),(947,1,864),(948,1,865),(949,1,866),(950,1,867),(951,1,868),(952,1,869),(953,4,870),(954,1,871),(955,3,872),(956,1,873),(957,1,874),(958,1,875),(959,1,876),(960,1,877),(961,4,878),(962,2,879),(963,4,880),(964,3,881),(965,2,882),(966,2,883),(967,2,884),(968,4,885),(969,3,886),(970,4,887),(971,4,888),(972,2,887),(973,2,889),(974,4,890),(975,2,891),(976,4,892),(977,3,893),(978,2,894),(979,2,895),(980,2,896),(981,4,897),(982,3,898),(983,4,899),(984,4,900),(985,2,899),(986,2,901),(987,4,902),(988,2,903),(989,4,904),(990,3,905),(991,2,906),(992,2,907),(993,2,908),(994,4,909),(995,3,910),(996,4,911),(997,4,912),(998,2,911),(999,2,913),(1000,4,914),(1001,4,915),(1002,1,916),(1003,1,917),(1004,1,918),(1005,1,919),(1006,1,920),(1007,1,921),(1008,1,914),(1009,4,922),(1010,4,923),(1011,4,924),(1012,1,925),(1013,1,926),(1014,1,927),(1015,1,928),(1016,1,929),(1017,1,930),(1018,1,923),(1019,4,931),(1020,1,932),(1021,1,933),(1022,4,934),(1023,4,935),(1024,1,936),(1025,1,937),(1026,1,938),(1027,1,939),(1028,1,940),(1029,3,941),(1030,1,942),(1031,1,943),(1032,4,944),(1033,4,945),(1034,1,946),(1035,1,947),(1036,1,948),(1037,1,949),(1038,1,950),(1039,3,951),(1040,1,952),(1041,1,953),(1042,4,952),(1043,4,954),(1044,1,954),(1045,3,954),(1046,1,955),(1047,2,952),(1048,1,956),(1049,1,957),(1050,1,958),(1051,1,959),(1052,4,960),(1053,3,961),(1054,1,962),(1055,1,963),(1056,4,962),(1057,4,964),(1058,1,964),(1059,3,964),(1060,1,965),(1061,2,962),(1062,1,966),(1063,1,967),(1064,1,968),(1065,1,969),(1066,4,970),(1067,3,971),(1068,4,972),(1069,4,973),(1070,1,974),(1071,1,975),(1072,4,975),(1073,1,973),(1074,4,976),(1075,4,977),(1076,3,978),(1077,1,979),(1078,4,980),(1079,3,976),(1080,4,981),(1081,3,982),(1082,2,983),(1083,2,984),(1084,4,985),(1085,2,986),(1086,4,986),(1087,4,984),(1088,2,987),(1089,2,988),(1090,4,989),(1091,4,990),(1092,4,991),(1093,2,992),(1094,2,993),(1095,4,994),(1096,4,995),(1097,2,996),(1098,4,993),(1099,4,997),(1100,3,998),(1101,2,997),(1102,2,999),(1103,2,1000),(1104,2,1001),(1105,2,1002),(1106,4,1003),(1107,4,1004),(1108,2,1005),(1109,4,1002),(1110,4,1006),(1111,3,1007),(1112,2,1006),(1113,2,1008),(1114,2,1009),(1115,2,1010),(1116,4,1011),(1117,4,1012),(1118,4,1013),(1119,3,1014),(1120,3,1015),(1121,4,1016),(1122,3,1011),(1123,4,1017),(1124,3,1018),(1125,3,1019),(1126,4,1020),(1127,3,1021),(1128,4,1022),(1129,3,1023),(1130,3,1024),(1131,4,1025),(1132,3,1026),(1133,3,1027),(1134,4,1028),(1135,4,1023),(1136,4,1029),(1137,3,1030),(1138,3,1031),(1139,4,1032),(1140,4,1030),(1141,3,1033),(1142,3,1034),(1143,3,1032),(1144,3,1035),(1145,3,1029),(1146,3,1036),(1147,4,1037),(1148,2,1038),(1149,4,1039),(1150,2,1040),(1151,2,1041),(1152,2,1042),(1153,2,1043),(1154,2,1044),(1155,2,1045),(1156,4,1046),(1157,2,1047),(1158,2,1048),(1159,4,1049),(1160,2,1050),(1161,2,1051),(1162,2,1052),(1163,2,1053),(1164,2,1054),(1165,2,1055),(1166,4,1056),(1167,2,1057),(1168,2,1058),(1169,4,1059),(1170,2,1060),(1171,2,1061),(1172,2,1062),(1173,2,1063),(1174,2,1064),(1175,2,1065),(1176,4,1066),(1177,2,1067),(1178,2,1068),(1179,4,1069),(1180,2,1070),(1181,2,1071),(1182,2,1072),(1183,2,1073),(1184,2,1074),(1185,2,1075),(1186,4,1076),(1187,2,1077),(1188,2,1078),(1189,1,1079),(1190,4,1080),(1191,2,1081),(1192,1,1082),(1193,1,1083),(1194,2,1084),(1195,2,1085),(1196,4,1086),(1197,2,1087),(1198,4,1088),(1199,1,1086),(1200,1,1089),(1201,1,1090),(1202,1,1091),(1203,1,1092),(1204,4,1093),(1205,1,1094),(1206,1,1095),(1207,1,1096),(1208,1,1097),(1209,4,1098),(1210,2,1099),(1211,2,1100),(1212,2,1101),(1213,2,1102),(1214,2,1103),(1215,2,1104),(1216,2,1105),(1217,4,1106),(1218,4,1107),(1219,4,1108),(1220,2,1109),(1221,2,1110),(1222,2,1111),(1223,2,1112),(1224,2,1113),(1225,2,1114),(1226,2,1115),(1227,4,1116),(1228,4,1117),(1229,4,1118),(1230,2,1119),(1231,2,1120),(1232,2,1121),(1233,2,1122),(1234,2,1123),(1235,2,1124),(1236,2,1125),(1237,4,1126),(1238,4,1127),(1239,4,1128),(1240,3,1129),(1241,4,1130),(1242,4,1131),(1243,2,1132),(1244,2,1133),(1245,4,1134),(1246,2,1135),(1247,2,1136),(1248,4,1137),(1249,2,1138),(1250,3,1139),(1251,4,1139),(1252,4,1140),(1253,3,1141),(1254,3,1142),(1255,4,1143),(1256,4,1144),(1257,2,1145),(1258,2,1146),(1259,4,1147),(1260,2,1148),(1261,2,1149),(1262,4,1150),(1263,2,1151),(1264,3,1152),(1265,4,1152),(1266,4,1153),(1267,3,1154),(1268,3,1155),(1269,2,1156),(1270,2,1157),(1271,3,1158),(1272,2,1159),(1273,4,1160),(1274,2,1160),(1275,4,1159),(1276,2,1161),(1277,2,1162),(1278,4,1163),(1279,2,1164),(1280,3,1165),(1281,2,1166),(1282,2,1167),(1283,3,1168),(1284,2,1169),(1285,4,1170),(1286,2,1170),(1287,4,1169),(1288,2,1171),(1289,2,1172),(1290,4,1173),(1291,2,1174),(1292,3,1175),(1293,2,1176),(1294,2,1177),(1295,3,1178),(1296,2,1179),(1297,4,1180),(1298,2,1180),(1299,4,1179),(1300,2,1181),(1301,2,1182),(1302,4,1183),(1303,2,1184),(1304,3,1185),(1305,2,1186),(1306,2,1187),(1307,3,1188),(1308,2,1189),(1309,4,1190),(1310,2,1190),(1311,4,1189),(1312,2,1191),(1313,2,1192),(1314,4,1193),(1315,2,1194),(1316,1,1195),(1317,2,1196),(1318,4,1197),(1319,2,1198),(1320,2,1199),(1321,2,1200),(1322,2,1201),(1323,1,1202),(1324,2,1203),(1325,2,1204),(1326,1,1205),(1327,1,1206),(1328,1,1207),(1329,1,1208),(1330,1,1209),(1331,1,1210),(1332,4,1211),(1333,2,1212),(1334,1,1213),(1335,2,1214),(1336,1,1215),(1337,1,1216),(1338,4,1217),(1339,2,1218),(1340,4,1219),(1341,2,1220),(1342,2,1221),(1343,2,1219),(1344,2,1222),(1345,2,1223),(1346,2,1224),(1347,4,1225),(1348,2,1226),(1349,2,1227),(1350,4,1228),(1351,4,1229),(1352,2,1230),(1353,4,1231),(1354,2,1232),(1355,2,1233),(1356,2,1231),(1357,2,1234),(1358,2,1235),(1359,2,1236),(1360,4,1237),(1361,2,1238),(1362,2,1239),(1363,4,1240),(1364,4,1241),(1365,2,1242),(1366,4,1243),(1367,2,1244),(1368,2,1245),(1369,2,1243),(1370,2,1246),(1371,2,1247),(1372,2,1248),(1373,4,1249),(1374,2,1250),(1375,2,1251),(1376,4,1252),(1377,4,1253),(1378,2,1254),(1379,4,1255),(1380,2,1256),(1381,2,1257),(1382,2,1255),(1383,2,1258),(1384,2,1259),(1385,2,1260),(1386,4,1261),(1387,2,1262),(1388,2,1263),(1389,4,1264),(1390,4,1265),(1391,2,1266),(1392,4,1267),(1393,2,1268),(1394,2,1269),(1395,2,1267),(1396,2,1270),(1397,2,1271),(1398,2,1272),(1399,4,1273),(1400,2,1274),(1401,2,1275),(1402,4,1276),(1403,4,1277),(1404,2,1278),(1405,4,1279),(1406,2,1280),(1407,2,1281),(1408,2,1279),(1409,2,1282),(1410,2,1283),(1411,2,1284),(1412,4,1285),(1413,2,1286),(1414,2,1287),(1415,4,1288),(1416,3,1289),(1417,4,1290),(1418,3,1291),(1419,2,1292),(1420,3,1293),(1421,2,1290),(1422,3,1294),(1423,3,1295),(1424,4,1296),(1425,2,1297),(1426,4,1298),(1427,3,1296),(1428,3,1299),(1429,4,1300),(1430,3,1301),(1431,2,1302),(1432,3,1303),(1433,2,1300),(1434,3,1304),(1435,3,1305),(1436,4,1306),(1437,2,1307),(1438,4,1308),(1439,3,1306),(1440,3,1309),(1441,4,1310),(1442,3,1311),(1443,2,1312),(1444,3,1313),(1445,2,1310),(1446,3,1314),(1447,3,1315),(1448,4,1316),(1449,2,1317),(1450,4,1318),(1451,3,1316),(1452,4,1319),(1453,1,1320),(1454,1,1321),(1455,1,1322),(1456,1,1319),(1457,1,1323),(1458,1,1324),(1459,4,1325),(1460,1,1326),(1461,4,1327),(1462,1,1328),(1463,1,1329),(1464,4,1330),(1465,1,1331),(1466,1,1332),(1467,1,1333),(1468,1,1330),(1469,1,1334),(1470,1,1335),(1471,4,1336),(1472,1,1337),(1473,4,1338),(1474,1,1339),(1475,1,1340),(1476,4,1341),(1477,1,1342),(1478,1,1343),(1479,1,1344),(1480,1,1341),(1481,1,1345),(1482,1,1346),(1483,4,1347),(1484,1,1348),(1485,4,1349),(1486,1,1350),(1487,1,1351),(1488,1,1352),(1489,1,1353),(1490,1,1354),(1491,4,1355),(1492,1,1356),(1493,1,1357),(1494,1,1358),(1495,1,1359),(1496,1,1360),(1497,1,1361),(1498,1,1362),(1499,1,1363),(1500,1,1364),(1501,4,1361),(1502,1,1365),(1503,1,1366),(1504,1,1367),(1505,4,1368),(1506,1,1369),(1507,1,1370),(1508,1,1371),(1509,1,1372),(1510,1,1373),(1511,1,1374),(1512,1,1375),(1513,1,1376),(1514,1,1377),(1515,4,1374),(1516,1,1378),(1517,1,1379),(1518,1,1380),(1519,4,1381),(1520,1,1382),(1521,1,1383),(1522,1,1384),(1523,1,1385),(1524,1,1386),(1525,1,1387),(1526,1,1388),(1527,1,1389),(1528,1,1390),(1529,4,1387),(1530,2,1391),(1531,2,1392),(1532,2,1393),(1533,3,1394),(1534,2,1395),(1535,4,1396),(1536,4,1397),(1537,2,1398),(1538,2,1399),(1539,4,1391),(1540,2,1400),(1541,2,1401),(1542,4,1402),(1543,2,1403),(1544,4,1404),(1545,4,1405),(1546,2,1402),(1547,2,1406),(1548,2,1407),(1549,4,1408),(1550,2,1409),(1551,2,1410),(1552,4,1411),(1553,2,1412),(1554,4,1413),(1555,4,1414),(1556,2,1411),(1557,2,1415),(1558,2,1416),(1559,4,1417),(1560,3,1418),(1561,2,1419),(1562,4,1420),(1563,2,1421),(1564,2,1420),(1565,2,1422),(1566,2,1423),(1567,4,1424),(1568,2,1425),(1569,4,1421),(1570,4,1426),(1571,4,1427),(1572,4,1428),(1573,3,1429),(1574,3,1430),(1575,3,1431),(1576,4,1432),(1577,3,1432),(1578,3,1433),(1579,3,1434),(1580,4,1435),(1581,4,1436),(1582,2,1437),(1583,2,1438),(1584,4,1439),(1585,2,1440),(1586,4,1441),(1587,2,1442),(1588,4,1443),(1589,2,1444),(1590,2,1441),(1591,4,1440),(1592,4,1445),(1593,2,1446),(1594,2,1447),(1595,4,1448),(1596,2,1449),(1597,4,1450),(1598,2,1451),(1599,4,1452),(1600,2,1453),(1601,2,1450),(1602,4,1449),(1603,4,1454),(1604,2,1455),(1605,2,1456),(1606,4,1457),(1607,2,1458),(1608,4,1459),(1609,2,1460),(1610,4,1461),(1611,2,1462),(1612,2,1459),(1613,4,1458),(1614,4,1463),(1615,1,1464),(1616,1,1465),(1617,1,1466),(1618,1,1467),(1619,1,1468),(1620,1,1469),(1621,1,1470),(1622,4,1471),(1623,4,1472),(1624,1,1473),(1625,3,1474),(1626,4,1474),(1627,4,1475),(1628,3,1476),(1629,3,1477),(1630,4,1478),(1631,3,1479),(1632,3,1480),(1633,3,1481),(1634,4,1482),(1635,4,1483),(1636,2,1484),(1637,2,1485),(1638,4,1486),(1639,2,1487),(1640,4,1488),(1641,4,1489),(1642,4,1490),(1643,2,1491),(1644,4,1492),(1645,2,1493),(1646,4,1494),(1647,4,1495),(1648,2,1496),(1649,3,1497),(1650,3,1498),(1651,3,1499),(1652,4,1500),(1653,3,1501),(1654,3,1502),(1655,3,1503),(1656,3,1504),(1657,3,1505),(1658,4,1506),(1659,3,1507),(1660,2,1508),(1661,2,1509),(1662,2,1510),(1663,2,1511),(1664,2,1512),(1665,2,1513),(1666,2,1514),(1667,4,1514),(1668,3,1515),(1669,4,1516),(1670,4,1517),(1671,3,1518),(1672,3,1519),(1673,3,1520),(1674,4,1521),(1675,4,1522),(1676,4,1523),(1677,3,1524),(1678,4,1525),(1679,3,1521),(1680,3,1526),(1681,3,1527),(1682,4,1528),(1683,4,1529),(1684,2,1530),(1685,3,1531),(1686,4,1532),(1687,3,1532),(1688,3,1533),(1689,4,1534),(1690,3,1535),(1691,4,1536),(1692,3,1537),(1693,4,1538),(1694,1,1539),(1695,1,1540),(1696,1,1541),(1697,1,1542),(1698,4,1543),(1699,1,1544),(1700,2,1545),(1701,1,1546),(1702,4,1547),(1703,1,1548),(1704,4,1544),(1705,4,1549),(1706,1,1550),(1707,4,1551),(1708,1,1552),(1709,4,1552),(1710,1,1553),(1711,4,1553),(1712,4,1554),(1713,2,1555),(1714,4,1556),(1715,1,1551),(1716,1,1557),(1717,1,1558);
/*!40000 ALTER TABLE `insurance_info` ENABLE KEYS */;
UNLOCK TABLES;

--
-- Table structure for table `patient`
--

DROP TABLE IF EXISTS `patient`;
/*!40101 SET @saved_cs_client     = @@character_set_client */;
/*!50503 SET character_set_client = utf8mb4 */;
CREATE TABLE `patient` (
  `patient_id` int NOT NULL,
  `age` int DEFAULT NULL,
  `gender` int DEFAULT NULL,
  `bmi_cat` varchar(10) DEFAULT NULL,
  `children` int DEFAULT NULL,
  `region` varchar(10) DEFAULT NULL,
  `cancer_id` int DEFAULT NULL,
  PRIMARY KEY (`patient_id`),
  KEY `cancer_id` (`cancer_id`),
  CONSTRAINT `patient_ibfk_1` FOREIGN KEY (`cancer_id`) REFERENCES `symptom` (`cancer_id`)
) ENGINE=InnoDB DEFAULT CHARSET=utf8mb4 COLLATE=utf8mb4_0900_ai_ci;
/*!40101 SET character_set_client = @saved_cs_client */;

--
-- Dumping data for table `patient`
--

LOCK TABLES `patient` WRITE;
/*!40000 ALTER TABLE `patient` DISABLE KEYS */;
INSERT INTO `patient` VALUES (1,33,1,'normal',0,'northwest',1),(2,33,1,'high',2,'southeast',1),(3,33,1,'high',0,'northeast',1),(4,33,1,'high',1,'southeast',1),(5,33,1,'high',5,'southwest',1),(6,33,1,'high',1,'southwest',1),(7,33,1,'normal',0,'northeast',1),(8,33,1,'high',5,'southeast',1),(9,33,1,'normal',2,'northwest',1),(10,33,1,'high',0,'southeast',1),(11,33,1,'high',4,'southwest',1),(12,33,1,'high',2,'northwest',1),(13,33,1,'normal',0,'northwest',2),(14,33,1,'high',2,'southeast',2),(15,33,1,'high',0,'northeast',2),(16,33,1,'high',1,'southeast',2),(17,33,1,'high',5,'southwest',2),(18,33,1,'high',1,'southwest',2),(19,33,1,'normal',0,'northeast',2),(20,33,1,'high',5,'southeast',2),(21,33,1,'normal',2,'northwest',2),(22,33,1,'high',0,'southeast',2),(23,33,1,'high',4,'southwest',2),(24,33,1,'high',2,'northwest',2),(25,33,1,'normal',0,'northwest',3),(26,33,1,'high',2,'southeast',3),(27,33,1,'high',0,'northeast',3),(28,33,1,'high',1,'southeast',3),(29,33,1,'high',5,'southwest',3),(30,33,1,'high',1,'southwest',3),(31,33,1,'normal',0,'northeast',3),(32,33,1,'high',5,'southeast',3),(33,33,1,'normal',2,'northwest',3),(34,33,1,'high',0,'southeast',3),(35,33,1,'high',4,'southwest',3),(36,33,1,'high',2,'northwest',3),(37,33,1,'normal',0,'northwest',4),(38,33,1,'high',2,'southeast',4),(39,33,1,'high',0,'northeast',4),(40,33,1,'high',1,'southeast',4),(41,33,1,'high',5,'southwest',4),(42,33,1,'high',1,'southwest',4),(43,33,1,'normal',0,'northeast',4),(44,33,1,'high',5,'southeast',4),(45,33,1,'normal',2,'northwest',4),(46,33,1,'high',0,'southeast',4),(47,33,1,'high',4,'southwest',4),(48,33,1,'high',2,'northwest',4),(49,33,1,'normal',0,'northwest',5),(50,33,1,'high',2,'southeast',5),(51,33,1,'high',0,'northeast',5),(52,33,1,'high',1,'southeast',5),(53,33,1,'high',5,'southwest',5),(54,33,1,'high',1,'southwest',5),(55,33,1,'normal',0,'northeast',5),(56,33,1,'high',5,'southeast',5),(57,33,1,'normal',2,'northwest',5),(58,33,1,'high',0,'southeast',5),(59,33,1,'high',4,'southwest',5),(60,33,1,'high',2,'northwest',5),(61,33,1,'normal',0,'northwest',6),(62,33,1,'high',2,'southeast',6),(63,33,1,'high',0,'northeast',6),(64,33,1,'high',1,'southeast',6),(65,33,1,'high',5,'southwest',6),(66,33,1,'high',1,'southwest',6),(67,33,1,'normal',0,'northeast',6),(68,33,1,'high',5,'southeast',6),(69,33,1,'normal',2,'northwest',6),(70,33,1,'high',0,'southeast',6),(71,33,1,'high',4,'southwest',6),(72,33,1,'high',2,'northwest',6),(73,35,1,'high',1,'northeast',7),(74,35,1,'high',2,'northwest',7),(75,35,1,'normal',1,'northwest',7),(76,35,1,'high',2,'northeast',7),(77,35,1,'high',1,'southwest',7),(78,35,1,'high',3,'southwest',7),(79,35,1,'normal',3,'southeast',7),(80,35,1,'high',3,'southeast',7),(81,35,1,'low',1,'northwest',7),(82,35,1,'high',1,'southeast',7),(83,35,1,'high',4,'northeast',7),(84,35,1,'high',1,'northeast',8),(85,35,1,'high',2,'northwest',8),(86,35,1,'normal',1,'northwest',8),(87,35,1,'high',2,'northeast',8),(88,35,1,'high',1,'southwest',8),(89,35,1,'high',3,'southwest',8),(90,35,1,'normal',3,'southeast',8),(91,35,1,'high',3,'southeast',8),(92,35,1,'low',1,'northwest',8),(93,35,1,'high',1,'southeast',8),(94,35,1,'high',4,'northeast',8),(95,35,1,'high',1,'northeast',9),(96,35,1,'high',2,'northwest',9),(97,35,1,'normal',1,'northwest',9),(98,35,1,'high',2,'northeast',9),(99,35,1,'high',1,'southwest',9),(100,35,1,'high',3,'southwest',9),(101,35,1,'normal',3,'southeast',9),(102,35,1,'high',3,'southeast',9),(103,35,1,'low',1,'northwest',9),(104,35,1,'high',1,'southeast',9),(105,35,1,'high',4,'northeast',9),(106,35,1,'high',1,'northeast',10),(107,35,1,'high',2,'northwest',10),(108,35,1,'normal',1,'northwest',10),(109,35,1,'high',2,'northeast',10),(110,35,1,'high',1,'southwest',10),(111,35,1,'high',3,'southwest',10),(112,35,1,'normal',3,'southeast',10),(113,35,1,'high',3,'southeast',10),(114,35,1,'low',1,'northwest',10),(115,35,1,'high',1,'southeast',10),(116,35,1,'high',4,'northeast',10),(117,35,1,'high',1,'northeast',11),(118,35,1,'high',2,'northwest',11),(119,35,1,'normal',1,'northwest',11),(120,35,1,'high',2,'northeast',11),(121,35,1,'high',1,'southwest',11),(122,35,1,'high',3,'southwest',11),(123,35,1,'normal',3,'southeast',11),(124,35,1,'high',3,'southeast',11),(125,35,1,'low',1,'northwest',11),(126,35,1,'high',1,'southeast',11),(127,35,1,'high',4,'northeast',11),(128,35,1,'high',1,'northeast',12),(129,35,1,'high',2,'northwest',12),(130,35,1,'normal',1,'northwest',12),(131,35,1,'high',2,'northeast',12),(132,35,1,'high',1,'southwest',12),(133,35,1,'high',3,'southwest',12),(134,35,1,'normal',3,'southeast',12),(135,35,1,'high',3,'southeast',12),(136,35,1,'low',1,'northwest',12),(137,35,1,'high',1,'southeast',12),(138,35,1,'high',4,'northeast',12),(139,35,1,'high',1,'northeast',13),(140,35,1,'high',2,'northwest',13),(141,35,1,'normal',1,'northwest',13),(142,35,1,'high',2,'northeast',13),(143,35,1,'high',1,'southwest',13),(144,35,1,'high',3,'southwest',13),(145,35,1,'normal',3,'southeast',13),(146,35,1,'high',3,'southeast',13),(147,35,1,'low',1,'northwest',13),(148,35,1,'high',1,'southeast',13),(149,35,1,'high',4,'northeast',13),(150,37,1,'high',2,'northeast',14),(151,37,1,'high',2,'northwest',14),(152,37,1,'high',0,'southwest',14),(153,37,1,'high',0,'northwest',14),(154,37,1,'high',3,'northwest',14),(155,37,1,'high',0,'southeast',14),(156,37,1,'high',4,'southwest',14),(157,37,1,'high',3,'southeast',14),(158,37,1,'high',1,'northeast',14),(159,37,1,'high',1,'southeast',14),(160,37,1,'normal',2,'northwest',14),(161,37,1,'normal',3,'northeast',14),(162,37,1,'high',2,'northeast',5),(163,37,1,'high',2,'northwest',5),(164,37,1,'high',0,'southwest',5),(165,37,1,'high',0,'northwest',5),(166,37,1,'high',3,'northwest',5),(167,37,1,'high',0,'southeast',5),(168,37,1,'high',4,'southwest',5),(169,37,1,'high',3,'southeast',5),(170,37,1,'high',1,'northeast',5),(171,37,1,'high',1,'southeast',5),(172,37,1,'normal',2,'northwest',5),(173,37,1,'normal',3,'northeast',5),(174,37,1,'high',2,'northeast',15),(175,37,1,'high',2,'northwest',15),(176,37,1,'high',0,'southwest',15),(177,37,1,'high',0,'northwest',15),(178,37,1,'high',3,'northwest',15),(179,37,1,'high',0,'southeast',15),(180,37,1,'high',4,'southwest',15),(181,37,1,'high',3,'southeast',15),(182,37,1,'high',1,'northeast',15),(183,37,1,'high',1,'southeast',15),(184,37,1,'normal',2,'northwest',15),(185,37,1,'normal',3,'northeast',15),(186,37,1,'high',2,'northeast',16),(187,37,1,'high',2,'northwest',16),(188,37,1,'high',0,'southwest',16),(189,37,1,'high',0,'northwest',16),(190,37,1,'high',3,'northwest',16),(191,37,1,'high',0,'southeast',16),(192,37,1,'high',4,'southwest',16),(193,37,1,'high',3,'southeast',16),(194,37,1,'high',1,'northeast',16),(195,37,1,'high',1,'southeast',16),(196,37,1,'normal',2,'northwest',16),(197,37,1,'normal',3,'northeast',16),(198,37,1,'high',2,'northeast',4),(199,37,1,'high',2,'northwest',4),(200,37,1,'high',0,'southwest',4),(201,37,1,'high',0,'northwest',4),(202,37,1,'high',3,'northwest',4),(203,37,1,'high',0,'southeast',4),(204,37,1,'high',4,'southwest',4),(205,37,1,'high',3,'southeast',4),(206,37,1,'high',1,'northeast',4),(207,37,1,'high',1,'southeast',4),(208,37,1,'normal',2,'northwest',4),(209,37,1,'normal',3,'northeast',4),(210,37,1,'high',2,'northeast',17),(211,37,1,'high',2,'northwest',17),(212,37,1,'high',0,'southwest',17),(213,37,1,'high',0,'northwest',17),(214,37,1,'high',3,'northwest',17),(215,37,1,'high',0,'southeast',17),(216,37,1,'high',4,'southwest',17),(217,37,1,'high',3,'southeast',17),(218,37,1,'high',1,'northeast',17),(219,37,1,'high',1,'southeast',17),(220,37,1,'normal',2,'northwest',17),(221,37,1,'normal',3,'northeast',17),(222,46,1,'high',3,'northwest',15),(223,46,1,'normal',0,'southwest',15),(224,46,1,'high',3,'southeast',15),(225,46,1,'high',1,'southeast',15),(226,46,1,'high',1,'northeast',15),(227,46,1,'high',0,'southwest',15),(228,46,1,'normal',0,'northwest',15),(229,46,1,'high',5,'southwest',15),(230,46,1,'normal',3,'northeast',15),(231,46,1,'high',2,'southeast',15),(232,46,1,'high',2,'northwest',15),(233,46,1,'high',3,'northwest',18),(234,46,1,'normal',0,'southwest',18),(235,46,1,'high',3,'southeast',18),(236,46,1,'high',1,'southeast',18),(237,46,1,'high',1,'northeast',18),(238,46,1,'high',0,'southwest',18),(239,46,1,'normal',0,'northwest',18),(240,46,1,'high',5,'southwest',18),(241,46,1,'normal',3,'northeast',18),(242,46,1,'high',2,'southeast',18),(243,46,1,'high',2,'northwest',18),(244,52,2,'high',1,'northeast',1),(245,52,2,'high',0,'southwest',1),(246,52,2,'high',2,'northeast',1),(247,52,2,'high',5,'southeast',1),(248,52,2,'high',2,'northwest',1),(249,52,2,'high',2,'southeast',1),(250,52,2,'high',0,'northeast',1),(251,52,2,'low',0,'northwest',1),(252,52,2,'normal',0,'southeast',1),(253,52,2,'normal',1,'northwest',1),(254,52,2,'high',2,'southwest',1),(255,52,2,'normal',0,'northeast',1),(256,52,2,'high',3,'southwest',1),(257,52,2,'high',1,'northeast',19),(258,52,2,'high',0,'southwest',19),(259,52,2,'high',2,'northeast',19),(260,52,2,'high',5,'southeast',19),(261,52,2,'high',2,'northwest',19),(262,52,2,'high',2,'southeast',19),(263,52,2,'high',0,'northeast',19),(264,52,2,'low',0,'northwest',19),(265,52,2,'normal',0,'southeast',19),(266,52,2,'normal',1,'northwest',19),(267,52,2,'high',2,'southwest',19),(268,52,2,'normal',0,'northeast',19),(269,52,2,'high',3,'southwest',19),(270,52,2,'high',1,'northeast',17),(271,52,2,'high',0,'southwest',17),(272,52,2,'high',2,'northeast',17),(273,52,2,'high',5,'southeast',17),(274,52,2,'high',2,'northwest',17),(275,52,2,'high',2,'southeast',17),(276,52,2,'high',0,'northeast',17),(277,52,2,'low',0,'northwest',17),(278,52,2,'normal',0,'southeast',17),(279,52,2,'normal',1,'northwest',17),(280,52,2,'high',2,'southwest',17),(281,52,2,'normal',0,'northeast',17),(282,52,2,'high',3,'southwest',17),(283,28,2,'high',0,'northwest',20),(284,28,2,'high',1,'northwest',20),(285,28,2,'high',1,'southeast',20),(286,28,2,'high',1,'northeast',20),(287,28,2,'high',0,'southwest',20),(288,28,2,'high',2,'southeast',20),(289,28,2,'high',2,'southwest',20),(290,28,2,'normal',1,'northeast',20),(291,28,2,'normal',2,'northwest',20),(292,28,2,'high',3,'northwest',20),(293,28,2,'high',0,'southeast',20),(294,28,2,'low',0,'northeast',20),(295,28,2,'high',0,'northwest',21),(296,28,2,'high',1,'northwest',21),(297,28,2,'high',1,'southeast',21),(298,28,2,'high',1,'northeast',21),(299,28,2,'high',0,'southwest',21),(300,28,2,'high',2,'southeast',21),(301,28,2,'high',2,'southwest',21),(302,28,2,'normal',1,'northeast',21),(303,28,2,'normal',2,'northwest',21),(304,28,2,'high',3,'northwest',21),(305,28,2,'high',0,'southeast',21),(306,28,2,'low',0,'northeast',21),(307,35,2,'high',1,'southwest',11),(308,35,2,'high',2,'southeast',11),(309,35,2,'high',3,'northwest',11),(310,35,2,'high',2,'northeast',11),(311,35,2,'high',3,'southwest',11),(312,35,2,'normal',2,'northeast',11),(313,35,2,'high',1,'southeast',11),(314,35,2,'high',0,'northwest',11),(315,35,2,'high',1,'northwest',11),(316,35,2,'high',0,'northeast',11),(317,35,2,'high',1,'southwest',12),(318,35,2,'high',2,'southeast',12),(319,35,2,'high',3,'northwest',12),(320,35,2,'high',2,'northeast',12),(321,35,2,'high',3,'southwest',12),(322,35,2,'normal',2,'northeast',12),(323,35,2,'high',1,'southeast',12),(324,35,2,'high',0,'northwest',12),(325,35,2,'high',1,'northwest',12),(326,35,2,'high',0,'northeast',12),(327,35,2,'high',1,'southwest',13),(328,35,2,'high',2,'southeast',13),(329,35,2,'high',3,'northwest',13),(330,35,2,'high',2,'northeast',13),(331,35,2,'high',3,'southwest',13),(332,35,2,'normal',2,'northeast',13),(333,35,2,'high',1,'southeast',13),(334,35,2,'high',0,'northwest',13),(335,35,2,'high',1,'northwest',13),(336,35,2,'high',0,'northeast',13),(337,35,2,'high',1,'southwest',7),(338,35,2,'high',2,'southeast',7),(339,35,2,'high',3,'northwest',7),(340,35,2,'high',2,'northeast',7),(341,35,2,'high',3,'southwest',7),(342,35,2,'normal',2,'northeast',7),(343,35,2,'high',1,'southeast',7),(344,35,2,'high',0,'northwest',7),(345,35,2,'high',1,'northwest',7),(346,35,2,'high',0,'northeast',7),(347,44,1,'high',2,'southwest',22),(348,44,1,'high',1,'northeast',22),(349,44,1,'high',0,'northwest',22),(350,44,1,'high',2,'southeast',22),(351,44,1,'high',1,'southeast',22),(352,44,1,'high',2,'northwest',22),(353,44,1,'normal',2,'northeast',22),(354,44,1,'normal',3,'northeast',22),(355,44,1,'high',2,'northeast',22),(356,44,1,'high',1,'northwest',22),(357,44,1,'high',2,'southwest',9),(358,44,1,'high',1,'northeast',9),(359,44,1,'high',0,'northwest',9),(360,44,1,'high',2,'southeast',9),(361,44,1,'high',1,'southeast',9),(362,44,1,'high',2,'northwest',9),(363,44,1,'normal',2,'northeast',9),(364,44,1,'normal',3,'northeast',9),(365,44,1,'high',2,'northeast',9),(366,44,1,'high',1,'northwest',9),(367,44,1,'high',2,'southwest',17),(368,44,1,'high',1,'northeast',17),(369,44,1,'high',0,'northwest',17),(370,44,1,'high',2,'southeast',17),(371,44,1,'high',1,'southeast',17),(372,44,1,'high',2,'northwest',17),(373,44,1,'normal',2,'northeast',17),(374,44,1,'normal',3,'northeast',17),(375,44,1,'high',2,'northeast',17),(376,44,1,'high',1,'northwest',17),(377,44,1,'high',2,'southwest',23),(378,44,1,'high',1,'northeast',23),(379,44,1,'high',0,'northwest',23),(380,44,1,'high',2,'southeast',23),(381,44,1,'high',1,'southeast',23),(382,44,1,'high',2,'northwest',23),(383,44,1,'normal',2,'northeast',23),(384,44,1,'normal',3,'northeast',23),(385,44,1,'high',2,'northeast',23),(386,44,1,'high',1,'northwest',23),(387,64,2,'high',2,'southwest',4),(388,64,2,'high',0,'northeast',4),(389,64,2,'high',1,'southwest',4),(390,64,2,'high',3,'northwest',4),(391,64,2,'high',0,'northwest',4),(392,64,2,'high',3,'southeast',4),(393,64,2,'normal',0,'southeast',4),(394,64,2,'high',0,'southwest',4),(395,64,2,'high',0,'southeast',4),(396,64,2,'high',2,'northeast',4),(397,39,2,'high',0,'southwest',24),(398,39,2,'normal',3,'northeast',24),(399,39,2,'high',0,'southeast',24),(400,39,2,'high',2,'northwest',24),(401,39,2,'high',1,'southwest',24),(402,39,2,'normal',5,'northwest',24),(403,39,2,'high',5,'southeast',24),(404,39,2,'high',3,'southwest',24),(405,39,2,'low',5,'southwest',24),(406,39,2,'normal',5,'southeast',24),(407,39,2,'high',0,'southwest',15),(408,39,2,'normal',3,'northeast',15),(409,39,2,'high',0,'southeast',15),(410,39,2,'high',2,'northwest',15),(411,39,2,'high',1,'southwest',15),(412,39,2,'normal',5,'northwest',15),(413,39,2,'high',5,'southeast',15),(414,39,2,'high',3,'southwest',15),(415,39,2,'low',5,'southwest',15),(416,39,2,'normal',5,'southeast',15),(417,34,1,'normal',2,'northeast',14),(418,34,1,'high',2,'southeast',14),(419,34,1,'high',1,'northwest',14),(420,34,1,'high',0,'southwest',14),(421,34,1,'high',0,'southeast',14),(422,34,1,'high',2,'southwest',14),(423,34,1,'high',0,'northwest',14),(424,34,1,'normal',0,'northeast',14),(425,34,1,'high',0,'northeast',14),(426,34,1,'high',1,'southwest',14),(427,27,2,'normal',0,'southeast',25),(428,27,2,'high',0,'southeast',25),(429,27,2,'high',0,'southwest',25),(430,27,2,'normal',1,'southeast',25),(431,27,2,'low',2,'northeast',25),(432,27,2,'high',3,'northwest',25),(433,27,2,'high',0,'northeast',25),(434,27,2,'high',1,'southwest',25),(435,27,2,'normal',0,'southwest',25),(436,27,2,'high',1,'northeast',25),(437,27,2,'normal',3,'northwest',25),(438,27,2,'normal',0,'northwest',25),(439,27,2,'high',1,'northwest',25),(440,27,2,'normal',0,'southeast',20),(441,27,2,'high',0,'southeast',20),(442,27,2,'high',0,'southwest',20),(443,27,2,'normal',1,'southeast',20),(444,27,2,'low',2,'northeast',20),(445,27,2,'high',3,'northwest',20),(446,27,2,'high',0,'northeast',20),(447,27,2,'high',1,'southwest',20),(448,27,2,'normal',0,'southwest',20),(449,27,2,'high',1,'northeast',20),(450,27,2,'normal',3,'northwest',20),(451,27,2,'normal',0,'northwest',20),(452,27,2,'high',1,'northwest',20),(453,27,2,'normal',0,'southeast',18),(454,27,2,'high',0,'southeast',18),(455,27,2,'high',0,'southwest',18),(456,27,2,'normal',1,'southeast',18),(457,27,2,'low',2,'northeast',18),(458,27,2,'high',3,'northwest',18),(459,27,2,'high',0,'northeast',18),(460,27,2,'high',1,'southwest',18),(461,27,2,'normal',0,'southwest',18),(462,27,2,'high',1,'northeast',18),(463,27,2,'normal',3,'northwest',18),(464,27,2,'normal',0,'northwest',18),(465,27,2,'high',1,'northwest',18),(466,36,1,'high',1,'southeast',5),(467,36,1,'high',0,'southeast',5),(468,36,1,'high',3,'northeast',5),(469,36,1,'high',2,'southeast',5),(470,36,1,'high',1,'northeast',5),(471,36,1,'high',1,'northwest',5),(472,36,1,'high',0,'southwest',5),(473,36,1,'high',3,'northwest',5),(474,36,1,'high',2,'southwest',5),(475,36,1,'high',1,'southeast',14),(476,36,1,'high',0,'southeast',14),(477,36,1,'high',3,'northeast',14),(478,36,1,'high',2,'southeast',14),(479,36,1,'high',1,'northeast',14),(480,36,1,'high',1,'northwest',14),(481,36,1,'high',0,'southwest',14),(482,36,1,'high',3,'northwest',14),(483,36,1,'high',2,'southwest',14),(484,36,1,'high',1,'southeast',16),(485,36,1,'high',0,'southeast',16),(486,36,1,'high',3,'northeast',16),(487,36,1,'high',2,'southeast',16),(488,36,1,'high',1,'northeast',16),(489,36,1,'high',1,'northwest',16),(490,36,1,'high',0,'southwest',16),(491,36,1,'high',3,'northwest',16),(492,36,1,'high',2,'southwest',16),(493,24,1,'high',2,'northwest',26),(494,24,1,'high',0,'southeast',26),(495,24,1,'normal',0,'southwest',26),(496,24,1,'high',0,'northeast',26),(497,24,1,'high',0,'southwest',26),(498,24,1,'normal',0,'northwest',26),(499,24,1,'high',4,'northeast',26),(500,24,1,'high',1,'northwest',26),(501,24,1,'high',2,'northwest',27),(502,24,1,'high',0,'southeast',27),(503,24,1,'normal',0,'southwest',27),(504,24,1,'high',0,'northeast',27),(505,24,1,'high',0,'southwest',27),(506,24,1,'normal',0,'northwest',27),(507,24,1,'high',4,'northeast',27),(508,24,1,'high',1,'northwest',27),(509,24,1,'high',2,'northwest',28),(510,24,1,'high',0,'southeast',28),(511,24,1,'normal',0,'southwest',28),(512,24,1,'high',0,'northeast',28),(513,24,1,'high',0,'southwest',28),(514,24,1,'normal',0,'northwest',28),(515,24,1,'high',4,'northeast',28),(516,24,1,'high',1,'northwest',28),(517,53,2,'normal',1,'southeast',7),(518,53,2,'high',3,'southwest',7),(519,53,2,'normal',1,'northwest',7),(520,53,2,'high',2,'southwest',7),(521,53,2,'high',1,'northwest',7),(522,53,2,'high',0,'northwest',7),(523,53,2,'high',0,'northeast',7),(524,53,2,'high',3,'southeast',7),(525,53,2,'normal',3,'northeast',7),(526,53,2,'high',1,'southeast',7),(527,53,2,'high',2,'northeast',7),(528,53,2,'normal',2,'northeast',7),(529,53,2,'high',3,'northwest',7),(530,62,1,'high',1,'northwest',15),(531,62,1,'high',0,'northwest',15),(532,62,1,'high',1,'southeast',15),(533,62,1,'normal',0,'southwest',15),(534,62,1,'high',0,'northeast',15),(535,62,1,'high',0,'southwest',15),(536,62,1,'high',0,'southeast',15),(537,62,1,'high',3,'northwest',15),(538,62,1,'high',1,'northwest',10),(539,62,1,'high',0,'northwest',10),(540,62,1,'high',1,'southeast',10),(541,62,1,'normal',0,'southwest',10),(542,62,1,'high',0,'northeast',10),(543,62,1,'high',0,'southwest',10),(544,62,1,'high',0,'southeast',10),(545,62,1,'high',3,'northwest',10),(546,62,1,'high',1,'northwest',29),(547,62,1,'high',0,'northwest',29),(548,62,1,'high',1,'southeast',29),(549,62,1,'normal',0,'southwest',29),(550,62,1,'high',0,'northeast',29),(551,62,1,'high',0,'southwest',29),(552,62,1,'high',0,'southeast',29),(553,62,1,'high',3,'northwest',29),(554,29,2,'high',1,'southeast',16),(555,29,2,'high',3,'southeast',16),(556,29,2,'high',2,'northwest',16),(557,29,2,'normal',2,'northwest',16),(558,29,2,'high',0,'northwest',16),(559,29,2,'high',0,'southeast',16),(560,29,2,'high',0,'northeast',16),(561,29,2,'normal',1,'northeast',16),(562,29,2,'high',0,'southwest',16),(563,29,2,'high',4,'southwest',16),(564,29,2,'normal',2,'southwest',16),(565,29,2,'normal',0,'northeast',16),(566,29,2,'high',1,'southeast',7),(567,29,2,'high',3,'southeast',7),(568,29,2,'high',2,'northwest',7),(569,29,2,'normal',2,'northwest',7),(570,29,2,'high',0,'northwest',7),(571,29,2,'high',0,'southeast',7),(572,29,2,'high',0,'northeast',7),(573,29,2,'normal',1,'northeast',7),(574,29,2,'high',0,'southwest',7),(575,29,2,'high',4,'southwest',7),(576,29,2,'normal',2,'southwest',7),(577,29,2,'normal',0,'northeast',7),(578,38,2,'high',0,'southeast',9),(579,38,2,'high',1,'northeast',9),(580,38,2,'high',1,'southeast',9),(581,38,2,'high',1,'northwest',9),(582,38,2,'high',2,'southwest',9),(583,38,2,'normal',2,'northwest',9),(584,38,2,'high',3,'southwest',9),(585,38,2,'high',2,'northeast',9),(586,38,2,'high',0,'southwest',9),(587,38,2,'high',3,'northwest',9),(588,38,2,'normal',2,'northeast',9),(589,38,2,'high',0,'southeast',30),(590,38,2,'high',1,'northeast',30),(591,38,2,'high',1,'southeast',30),(592,38,2,'high',1,'northwest',30),(593,38,2,'high',2,'southwest',30),(594,38,2,'normal',2,'northwest',30),(595,38,2,'high',3,'southwest',30),(596,38,2,'high',2,'northeast',30),(597,38,2,'high',0,'southwest',30),(598,38,2,'high',3,'northwest',30),(599,38,2,'normal',2,'northeast',30),(600,38,2,'high',0,'southeast',31),(601,38,2,'high',1,'northeast',31),(602,38,2,'high',1,'southeast',31),(603,38,2,'high',1,'northwest',31),(604,38,2,'high',2,'southwest',31),(605,38,2,'normal',2,'northwest',31),(606,38,2,'high',3,'southwest',31),(607,38,2,'high',2,'northeast',31),(608,38,2,'high',0,'southwest',31),(609,38,2,'high',3,'northwest',31),(610,38,2,'normal',2,'northeast',31),(611,38,2,'high',0,'southeast',32),(612,38,2,'high',1,'northeast',32),(613,38,2,'high',1,'southeast',32),(614,38,2,'high',1,'northwest',32),(615,38,2,'high',2,'southwest',32),(616,38,2,'normal',2,'northwest',32),(617,38,2,'high',3,'southwest',32),(618,38,2,'high',2,'northeast',32),(619,38,2,'high',0,'southwest',32),(620,38,2,'high',3,'northwest',32),(621,38,2,'normal',2,'northeast',32),(622,38,2,'high',0,'southeast',17),(623,38,2,'high',1,'northeast',17),(624,38,2,'high',1,'southeast',17),(625,38,2,'high',1,'northwest',17),(626,38,2,'high',2,'southwest',17),(627,38,2,'normal',2,'northwest',17),(628,38,2,'high',3,'southwest',17),(629,38,2,'high',2,'northeast',17),(630,38,2,'high',0,'southwest',17),(631,38,2,'high',3,'northwest',17),(632,38,2,'normal',2,'northeast',17),(633,38,2,'high',0,'southeast',10),(634,38,2,'high',1,'northeast',10),(635,38,2,'high',1,'southeast',10),(636,38,2,'high',1,'northwest',10),(637,38,2,'high',2,'southwest',10),(638,38,2,'normal',2,'northwest',10),(639,38,2,'high',3,'southwest',10),(640,38,2,'high',2,'northeast',10),(641,38,2,'high',0,'southwest',10),(642,38,2,'high',3,'northwest',10),(643,38,2,'normal',2,'northeast',10),(644,38,2,'high',0,'southeast',33),(645,38,2,'high',1,'northeast',33),(646,38,2,'high',1,'southeast',33),(647,38,2,'high',1,'northwest',33),(648,38,2,'high',2,'southwest',33),(649,38,2,'normal',2,'northwest',33),(650,38,2,'high',3,'southwest',33),(651,38,2,'high',2,'northeast',33),(652,38,2,'high',0,'southwest',33),(653,38,2,'high',3,'northwest',33),(654,38,2,'normal',2,'northeast',33),(655,19,1,'normal',1,'southwest',3),(656,19,1,'normal',0,'northwest',3),(657,19,1,'high',0,'northwest',3),(658,19,1,'high',0,'southwest',3),(659,19,1,'high',1,'southwest',3),(660,19,1,'normal',2,'northwest',3),(661,19,1,'low',0,'northwest',3),(662,19,1,'high',0,'southeast',3),(663,19,1,'normal',0,'southwest',3),(664,19,1,'high',1,'northwest',3),(665,19,1,'high',2,'northwest',3),(666,19,1,'normal',1,'southwest',4),(667,19,1,'normal',0,'northwest',4),(668,19,1,'high',0,'northwest',4),(669,19,1,'high',0,'southwest',4),(670,19,1,'high',1,'southwest',4),(671,19,1,'normal',2,'northwest',4),(672,19,1,'low',0,'northwest',4),(673,19,1,'high',0,'southeast',4),(674,19,1,'normal',0,'southwest',4),(675,19,1,'high',1,'northwest',4),(676,19,1,'high',2,'northwest',4),(677,42,1,'normal',0,'southeast',34),(678,42,1,'high',0,'southwest',34),(679,42,1,'high',1,'southeast',34),(680,42,1,'high',3,'northwest',34),(681,42,1,'high',2,'northeast',34),(682,42,1,'high',2,'southeast',34),(683,42,1,'high',2,'southwest',34),(684,42,1,'high',0,'northwest',34),(685,42,1,'normal',2,'northeast',34),(686,42,1,'high',1,'northwest',34),(687,42,1,'normal',0,'southeast',35),(688,42,1,'high',0,'southwest',35),(689,42,1,'high',1,'southeast',35),(690,42,1,'high',3,'northwest',35),(691,42,1,'high',2,'northeast',35),(692,42,1,'high',2,'southeast',35),(693,42,1,'high',2,'southwest',35),(694,42,1,'high',0,'northwest',35),(695,42,1,'normal',2,'northeast',35),(696,42,1,'high',1,'northwest',35),(697,32,2,'low',2,'northwest',6),(698,32,2,'high',3,'northeast',6),(699,32,2,'high',2,'southwest',6),(700,32,2,'high',3,'northwest',6),(701,32,2,'high',0,'southeast',6),(702,32,2,'normal',1,'southeast',6),(703,32,2,'high',1,'northeast',6),(704,32,2,'normal',0,'southwest',6),(705,32,2,'high',1,'southeast',6),(706,32,2,'high',0,'southwest',6),(707,32,2,'normal',0,'northeast',6),(708,32,2,'high',0,'northwest',6),(709,32,2,'low',2,'northwest',21),(710,32,2,'high',3,'northeast',21),(711,32,2,'high',2,'southwest',21),(712,32,2,'high',3,'northwest',21),(713,32,2,'high',0,'southeast',21),(714,32,2,'normal',1,'southeast',21),(715,32,2,'high',1,'northeast',21),(716,32,2,'normal',0,'southwest',21),(717,32,2,'high',1,'southeast',21),(718,32,2,'high',0,'southwest',21),(719,32,2,'normal',0,'northeast',21),(720,32,2,'high',0,'northwest',21),(721,25,2,'high',0,'northeast',20),(722,25,2,'normal',0,'northeast',20),(723,25,2,'high',1,'southeast',20),(724,25,2,'normal',3,'southwest',20),(725,25,2,'normal',1,'northwest',20),(726,25,2,'high',0,'southwest',20),(727,25,2,'high',0,'northwest',20),(728,25,2,'high',2,'northwest',20),(729,25,2,'normal',1,'southwest',20),(730,25,2,'high',0,'northeast',7),(731,25,2,'normal',0,'northeast',7),(732,25,2,'high',1,'southeast',7),(733,25,2,'normal',3,'southwest',7),(734,25,2,'normal',1,'northwest',7),(735,25,2,'high',0,'southwest',7),(736,25,2,'high',0,'northwest',7),(737,25,2,'high',2,'northwest',7),(738,25,2,'normal',1,'southwest',7),(739,25,2,'high',0,'northeast',30),(740,25,2,'normal',0,'northeast',30),(741,25,2,'high',1,'southeast',30),(742,25,2,'normal',3,'southwest',30),(743,25,2,'normal',1,'northwest',30),(744,25,2,'high',0,'southwest',30),(745,25,2,'high',0,'northwest',30),(746,25,2,'high',2,'northwest',30),(747,25,2,'normal',1,'southwest',30),(748,28,1,'high',3,'southeast',36),(749,28,1,'high',1,'southwest',36),(750,28,1,'normal',3,'southeast',36),(751,28,1,'high',0,'southeast',36),(752,28,1,'high',0,'northeast',36),(753,28,1,'normal',2,'southwest',36),(754,28,1,'high',2,'northeast',36),(755,28,1,'high',0,'northwest',36),(756,28,1,'normal',2,'northeast',36),(757,28,1,'normal',5,'southwest',36),(758,28,1,'high',3,'southeast',22),(759,28,1,'high',1,'southwest',22),(760,28,1,'normal',3,'southeast',22),(761,28,1,'high',0,'southeast',22),(762,28,1,'high',0,'northeast',22),(763,28,1,'normal',2,'southwest',22),(764,28,1,'high',2,'northeast',22),(765,28,1,'high',0,'northwest',22),(766,28,1,'normal',2,'northeast',22),(767,28,1,'normal',5,'southwest',22),(768,28,1,'high',3,'southeast',15),(769,28,1,'high',1,'southwest',15),(770,28,1,'normal',3,'southeast',15),(771,28,1,'high',0,'southeast',15),(772,28,1,'high',0,'northeast',15),(773,28,1,'normal',2,'southwest',15),(774,28,1,'high',2,'northeast',15),(775,28,1,'high',0,'northwest',15),(776,28,1,'normal',2,'northeast',15),(777,28,1,'normal',5,'southwest',15),(778,28,1,'high',3,'southeast',21),(779,28,1,'high',1,'southwest',21),(780,28,1,'normal',3,'southeast',21),(781,28,1,'high',0,'southeast',21),(782,28,1,'high',0,'northeast',21),(783,28,1,'normal',2,'southwest',21),(784,28,1,'high',2,'northeast',21),(785,28,1,'high',0,'northwest',21),(786,28,1,'normal',2,'northeast',21),(787,28,1,'normal',5,'southwest',21),(788,32,1,'high',0,'northwest',37),(789,32,1,'high',3,'southwest',37),(790,32,1,'high',1,'northeast',37),(791,32,1,'high',1,'southeast',37),(792,32,1,'high',2,'southeast',37),(793,32,1,'high',1,'northwest',37),(794,32,1,'high',1,'southwest',37),(795,32,1,'high',2,'southwest',37),(796,32,1,'high',4,'northwest',37),(797,32,1,'high',0,'northwest',21),(798,32,1,'high',3,'southwest',21),(799,32,1,'high',1,'northeast',21),(800,32,1,'high',1,'southeast',21),(801,32,1,'high',2,'southeast',21),(802,32,1,'high',1,'northwest',21),(803,32,1,'high',1,'southwest',21),(804,32,1,'high',2,'southwest',21),(805,32,1,'high',4,'northwest',21),(806,32,1,'high',0,'northwest',10),(807,32,1,'high',3,'southwest',10),(808,32,1,'high',1,'northeast',10),(809,32,1,'high',1,'southeast',10),(810,32,1,'high',2,'southeast',10),(811,32,1,'high',1,'northwest',10),(812,32,1,'high',1,'southwest',10),(813,32,1,'high',2,'southwest',10),(814,32,1,'high',4,'northwest',10),(815,45,2,'high',0,'northeast',38),(816,45,2,'high',2,'southeast',38),(817,45,2,'high',2,'southwest',38),(818,45,2,'high',0,'southwest',38),(819,45,2,'high',2,'northeast',38),(820,45,2,'high',0,'northwest',38),(821,45,2,'high',3,'northeast',38),(822,45,2,'high',1,'northwest',38),(823,45,2,'high',0,'southeast',38),(824,45,2,'high',3,'southwest',38),(825,45,2,'high',0,'northeast',17),(826,45,2,'high',2,'southeast',17),(827,45,2,'high',2,'southwest',17),(828,45,2,'high',0,'southwest',17),(829,45,2,'high',2,'northeast',17),(830,45,2,'high',0,'northwest',17),(831,45,2,'high',3,'northeast',17),(832,45,2,'high',1,'northwest',17),(833,45,2,'high',0,'southeast',17),(834,45,2,'high',3,'southwest',17),(835,45,2,'high',0,'northeast',3),(836,45,2,'high',2,'southeast',3),(837,45,2,'high',2,'southwest',3),(838,45,2,'high',0,'southwest',3),(839,45,2,'high',2,'northeast',3),(840,45,2,'high',0,'northwest',3),(841,45,2,'high',3,'northeast',3),(842,45,2,'high',1,'northwest',3),(843,45,2,'high',0,'southeast',3),(844,45,2,'high',3,'southwest',3),(845,26,2,'high',0,'northeast',39),(846,26,2,'high',2,'southeast',39),(847,26,2,'high',1,'southeast',39),(848,26,2,'high',4,'northeast',39),(849,26,2,'normal',0,'northwest',39),(850,26,2,'low',2,'northeast',39),(851,26,2,'high',1,'southwest',39),(852,26,2,'high',0,'northwest',39),(853,26,2,'high',2,'northeast',39),(854,26,2,'normal',1,'southwest',39),(855,26,2,'high',2,'southwest',39),(856,26,2,'high',0,'northeast',16),(857,26,2,'high',2,'southeast',16),(858,26,2,'high',1,'southeast',16),(859,26,2,'high',4,'northeast',16),(860,26,2,'normal',0,'northwest',16),(861,26,2,'low',2,'northeast',16),(862,26,2,'high',1,'southwest',16),(863,26,2,'high',0,'northwest',16),(864,26,2,'high',2,'northeast',16),(865,26,2,'normal',1,'southwest',16),(866,26,2,'high',2,'southwest',16),(867,26,2,'high',0,'northeast',15),(868,26,2,'high',2,'southeast',15),(869,26,2,'high',1,'southeast',15),(870,26,2,'high',4,'northeast',15),(871,26,2,'normal',0,'northwest',15),(872,26,2,'low',2,'northeast',15),(873,26,2,'high',1,'southwest',15),(874,26,2,'high',0,'northwest',15),(875,26,2,'high',2,'northeast',15),(876,26,2,'normal',1,'southwest',15),(877,26,2,'high',2,'southwest',15),(878,48,1,'high',1,'southwest',40),(879,48,1,'high',0,'southeast',40),(880,48,1,'normal',0,'southeast',40),(881,48,1,'high',4,'northeast',40),(882,48,1,'high',1,'northeast',40),(883,48,1,'high',2,'southwest',40),(884,48,1,'high',3,'southwest',40),(885,48,1,'high',2,'northwest',40),(886,48,1,'high',3,'northeast',40),(887,48,1,'high',1,'northwest',40),(888,48,1,'high',0,'southwest',40),(889,48,1,'high',2,'southeast',40),(890,48,1,'high',1,'southwest',6),(891,48,1,'high',0,'southeast',6),(892,48,1,'normal',0,'southeast',6),(893,48,1,'high',4,'northeast',6),(894,48,1,'high',1,'northeast',6),(895,48,1,'high',2,'southwest',6),(896,48,1,'high',3,'southwest',6),(897,48,1,'high',2,'northwest',6),(898,48,1,'high',3,'northeast',6),(899,48,1,'high',1,'northwest',6),(900,48,1,'high',0,'southwest',6),(901,48,1,'high',2,'southeast',6),(902,48,1,'high',1,'southwest',22),(903,48,1,'high',0,'southeast',22),(904,48,1,'normal',0,'southeast',22),(905,48,1,'high',4,'northeast',22),(906,48,1,'high',1,'northeast',22),(907,48,1,'high',2,'southwest',22),(908,48,1,'high',3,'southwest',22),(909,48,1,'high',2,'northwest',22),(910,48,1,'high',3,'northeast',22),(911,48,1,'high',1,'northwest',22),(912,48,1,'high',0,'southwest',22),(913,48,1,'high',2,'southeast',22),(914,22,1,'high',0,'southwest',41),(915,22,1,'high',1,'southeast',41),(916,22,1,'high',0,'northwest',41),(917,22,1,'normal',3,'northeast',41),(918,22,1,'high',0,'northeast',41),(919,22,1,'high',1,'northwest',41),(920,22,1,'high',0,'southeast',41),(921,22,1,'high',3,'southwest',41),(922,22,1,'high',2,'southeast',41),(923,22,1,'high',0,'southwest',10),(924,22,1,'high',1,'southeast',10),(925,22,1,'high',0,'northwest',10),(926,22,1,'normal',3,'northeast',10),(927,22,1,'high',0,'northeast',10),(928,22,1,'high',1,'northwest',10),(929,22,1,'high',0,'southeast',10),(930,22,1,'high',3,'southwest',10),(931,22,1,'high',2,'southeast',10),(932,24,2,'high',0,'northeast',42),(933,24,2,'high',0,'northwest',42),(934,24,2,'normal',0,'southeast',42),(935,24,2,'high',0,'southwest',42),(936,24,2,'high',3,'northwest',42),(937,24,2,'normal',0,'southwest',42),(938,24,2,'high',3,'southwest',42),(939,24,2,'normal',0,'northwest',42),(940,24,2,'high',0,'southeast',42),(941,24,2,'normal',0,'northeast',42),(942,24,2,'high',0,'northeast',28),(943,24,2,'high',0,'northwest',28),(944,24,2,'normal',0,'southeast',28),(945,24,2,'high',0,'southwest',28),(946,24,2,'high',3,'northwest',28),(947,24,2,'normal',0,'southwest',28),(948,24,2,'high',3,'southwest',28),(949,24,2,'normal',0,'northwest',28),(950,24,2,'high',0,'southeast',28),(951,24,2,'normal',0,'northeast',28),(952,18,2,'high',0,'northeast',33),(953,18,2,'high',2,'northeast',33),(954,18,2,'high',0,'southeast',33),(955,18,2,'normal',0,'southeast',33),(956,18,2,'normal',1,'southeast',33),(957,18,2,'high',2,'southeast',33),(958,18,2,'high',1,'southeast',33),(959,18,2,'high',4,'northeast',33),(960,18,2,'high',3,'southeast',33),(961,18,2,'normal',0,'northeast',33),(962,18,2,'high',0,'northeast',15),(963,18,2,'high',2,'northeast',15),(964,18,2,'high',0,'southeast',15),(965,18,2,'normal',0,'southeast',15),(966,18,2,'normal',1,'southeast',15),(967,18,2,'high',2,'southeast',15),(968,18,2,'high',1,'southeast',15),(969,18,2,'high',4,'northeast',15),(970,18,2,'high',3,'southeast',15),(971,18,2,'normal',0,'northeast',15),(972,23,2,'high',2,'northeast',43),(973,23,2,'high',0,'northwest',43),(974,23,2,'high',3,'northwest',43),(975,23,2,'high',2,'southeast',43),(976,23,2,'high',0,'southwest',43),(977,23,2,'high',1,'northeast',43),(978,23,2,'normal',2,'northwest',43),(979,23,2,'high',0,'northeast',43),(980,23,2,'high',1,'southeast',43),(981,23,2,'normal',2,'northeast',43),(982,47,2,'high',3,'northwest',44),(983,47,2,'high',2,'northeast',44),(984,47,2,'normal',1,'southwest',44),(985,47,2,'high',0,'northeast',44),(986,47,2,'high',1,'southeast',44),(987,47,2,'high',1,'northwest',44),(988,47,2,'high',1,'southwest',44),(989,47,2,'high',0,'southeast',44),(990,47,2,'high',1,'northeast',44),(991,47,2,'high',2,'northwest',44),(992,47,2,'normal',0,'northeast',44),(993,44,2,'high',0,'northwest',23),(994,44,2,'normal',1,'northeast',23),(995,44,2,'high',0,'southeast',23),(996,44,2,'normal',2,'southeast',23),(997,44,2,'high',2,'southeast',23),(998,44,2,'high',0,'northeast',23),(999,44,2,'high',1,'southeast',23),(1000,44,2,'high',1,'southwest',23),(1001,44,2,'high',1,'northwest',23),(1002,44,2,'high',0,'northwest',28),(1003,44,2,'normal',1,'northeast',28),(1004,44,2,'high',0,'southeast',28),(1005,44,2,'normal',2,'southeast',28),(1006,44,2,'high',2,'southeast',28),(1007,44,2,'high',0,'northeast',28),(1008,44,2,'high',1,'southeast',28),(1009,44,2,'high',1,'southwest',28),(1010,44,2,'high',1,'northwest',28),(1011,62,2,'high',0,'southeast',29),(1012,62,2,'high',3,'northwest',29),(1013,62,2,'high',2,'northeast',29),(1014,62,2,'high',0,'southwest',29),(1015,62,2,'high',0,'northeast',29),(1016,62,2,'high',1,'northeast',29),(1017,62,2,'high',2,'northwest',29),(1018,62,2,'high',0,'northwest',29),(1019,61,2,'high',2,'southwest',45),(1020,61,2,'high',3,'southeast',45),(1021,61,2,'normal',0,'northeast',45),(1022,61,2,'high',1,'northeast',45),(1023,61,2,'high',0,'northwest',45),(1024,61,2,'normal',0,'northwest',45),(1025,61,2,'high',0,'southeast',45),(1026,61,2,'high',0,'northeast',45),(1027,61,2,'high',0,'southwest',45),(1028,61,2,'high',4,'southeast',45),(1029,55,1,'high',0,'southwest',46),(1030,55,1,'high',0,'southeast',46),(1031,55,1,'high',3,'southeast',46),(1032,55,1,'high',0,'northeast',46),(1033,55,1,'high',0,'northwest',46),(1034,55,1,'high',1,'northeast',46),(1035,55,1,'high',1,'southeast',46),(1036,55,1,'normal',1,'southwest',46),(1037,55,1,'high',3,'northwest',46),(1038,38,1,'high',1,'northeast',10),(1039,38,1,'normal',0,'southwest',10),(1040,38,1,'high',2,'southwest',10),(1041,38,1,'high',2,'northwest',10),(1042,38,1,'normal',3,'southeast',10),(1043,38,1,'high',1,'southwest',10),(1044,38,1,'high',1,'southeast',10),(1045,38,1,'normal',1,'northwest',10),(1046,38,1,'high',3,'southeast',10),(1047,38,1,'low',2,'northeast',10),(1048,38,1,'high',1,'northeast',32),(1049,38,1,'normal',0,'southwest',32),(1050,38,1,'high',2,'southwest',32),(1051,38,1,'high',2,'northwest',32),(1052,38,1,'normal',3,'southeast',32),(1053,38,1,'high',1,'southwest',32),(1054,38,1,'high',1,'southeast',32),(1055,38,1,'normal',1,'northwest',32),(1056,38,1,'high',3,'southeast',32),(1057,38,1,'low',2,'northeast',32),(1058,38,1,'high',1,'northeast',17),(1059,38,1,'normal',0,'southwest',17),(1060,38,1,'high',2,'southwest',17),(1061,38,1,'high',2,'northwest',17),(1062,38,1,'normal',3,'southeast',17),(1063,38,1,'high',1,'southwest',17),(1064,38,1,'high',1,'southeast',17),(1065,38,1,'normal',1,'northwest',17),(1066,38,1,'high',3,'southeast',17),(1067,38,1,'low',2,'northeast',17),(1068,38,1,'high',1,'northeast',9),(1069,38,1,'normal',0,'southwest',9),(1070,38,1,'high',2,'southwest',9),(1071,38,1,'high',2,'northwest',9),(1072,38,1,'normal',3,'southeast',9),(1073,38,1,'high',1,'southwest',9),(1074,38,1,'high',1,'southeast',9),(1075,38,1,'normal',1,'northwest',9),(1076,38,1,'high',3,'southeast',9),(1077,38,1,'low',2,'northeast',9),(1078,33,2,'normal',1,'northeast',6),(1079,33,2,'normal',0,'southeast',6),(1080,33,2,'high',0,'southwest',6),(1081,33,2,'high',3,'southwest',6),(1082,33,2,'high',1,'southeast',6),(1083,33,2,'normal',1,'southwest',6),(1084,33,2,'high',2,'southwest',6),(1085,33,2,'high',3,'northwest',6),(1086,33,2,'high',0,'northwest',6),(1087,33,2,'high',3,'northeast',6),(1088,33,2,'normal',2,'northeast',6),(1089,23,1,'high',0,'southwest',3),(1090,23,1,'normal',0,'northeast',3),(1091,23,1,'low',1,'northwest',3),(1092,23,1,'high',0,'southeast',3),(1093,23,1,'high',3,'northeast',3),(1094,23,1,'high',1,'southwest',3),(1095,23,1,'high',3,'southwest',3),(1096,23,1,'high',1,'southeast',3),(1097,23,1,'high',1,'northwest',3),(1098,23,1,'normal',0,'northwest',3),(1099,46,2,'high',1,'southeast',21),(1100,46,2,'high',0,'northwest',21),(1101,46,2,'high',2,'southwest',21),(1102,46,2,'high',2,'northeast',21),(1103,46,2,'normal',2,'northwest',21),(1104,46,2,'high',1,'northeast',21),(1105,46,2,'high',3,'southwest',21),(1106,46,2,'high',0,'northeast',21),(1107,46,2,'normal',1,'northwest',21),(1108,46,2,'high',1,'southwest',21),(1109,46,2,'high',1,'southeast',15),(1110,46,2,'high',0,'northwest',15),(1111,46,2,'high',2,'southwest',15),(1112,46,2,'high',2,'northeast',15),(1113,46,2,'normal',2,'northwest',15),(1114,46,2,'high',1,'northeast',15),(1115,46,2,'high',3,'southwest',15),(1116,46,2,'high',0,'northeast',15),(1117,46,2,'normal',1,'northwest',15),(1118,46,2,'high',1,'southwest',15),(1119,46,2,'high',1,'southeast',9),(1120,46,2,'high',0,'northwest',9),(1121,46,2,'high',2,'southwest',9),(1122,46,2,'high',2,'northeast',9),(1123,46,2,'normal',2,'northwest',9),(1124,46,2,'high',1,'northeast',9),(1125,46,2,'high',3,'southwest',9),(1126,46,2,'high',0,'northeast',9),(1127,46,2,'normal',1,'northwest',9),(1128,46,2,'high',1,'southwest',9),(1129,52,1,'high',3,'northeast',10),(1130,52,1,'normal',3,'northeast',10),(1131,52,1,'high',3,'southeast',10),(1132,52,1,'high',0,'northeast',10),(1133,52,1,'high',0,'southwest',10),(1134,52,1,'high',0,'northwest',10),(1135,52,1,'high',0,'southeast',10),(1136,52,1,'high',1,'southwest',10),(1137,52,1,'high',2,'northwest',10),(1138,52,1,'high',1,'southeast',10),(1139,52,1,'high',3,'northwest',10),(1140,52,1,'high',2,'southeast',10),(1141,52,1,'high',2,'southwest',10),(1142,52,1,'high',3,'northeast',19),(1143,52,1,'normal',3,'northeast',19),(1144,52,1,'high',3,'southeast',19),(1145,52,1,'high',0,'northeast',19),(1146,52,1,'high',0,'southwest',19),(1147,52,1,'high',0,'northwest',19),(1148,52,1,'high',0,'southeast',19),(1149,52,1,'high',1,'southwest',19),(1150,52,1,'high',2,'northwest',19),(1151,52,1,'high',1,'southeast',19),(1152,52,1,'high',3,'northwest',19),(1153,52,1,'high',2,'southeast',19),(1154,52,1,'high',2,'southwest',19),(1155,48,2,'high',4,'northwest',10),(1156,48,2,'high',1,'southeast',10),(1157,48,2,'high',1,'northwest',10),(1158,48,2,'high',2,'northeast',10),(1159,48,2,'high',0,'southeast',10),(1160,48,2,'high',1,'northeast',10),(1161,48,2,'normal',0,'southwest',10),(1162,48,2,'high',0,'southwest',10),(1163,48,2,'high',3,'southeast',10),(1164,48,2,'high',0,'northwest',10),(1165,48,2,'high',4,'northwest',6),(1166,48,2,'high',1,'southeast',6),(1167,48,2,'high',1,'northwest',6),(1168,48,2,'high',2,'northeast',6),(1169,48,2,'high',0,'southeast',6),(1170,48,2,'high',1,'northeast',6),(1171,48,2,'normal',0,'southwest',6),(1172,48,2,'high',0,'southwest',6),(1173,48,2,'high',3,'southeast',6),(1174,48,2,'high',0,'northwest',6),(1175,48,2,'high',4,'northwest',9),(1176,48,2,'high',1,'southeast',9),(1177,48,2,'high',1,'northwest',9),(1178,48,2,'high',2,'northeast',9),(1179,48,2,'high',0,'southeast',9),(1180,48,2,'high',1,'northeast',9),(1181,48,2,'normal',0,'southwest',9),(1182,48,2,'high',0,'southwest',9),(1183,48,2,'high',3,'southeast',9),(1184,48,2,'high',0,'northwest',9),(1185,48,2,'high',4,'northwest',22),(1186,48,2,'high',1,'southeast',22),(1187,48,2,'high',1,'northwest',22),(1188,48,2,'high',2,'northeast',22),(1189,48,2,'high',0,'southeast',22),(1190,48,2,'high',1,'northeast',22),(1191,48,2,'normal',0,'southwest',22),(1192,48,2,'high',0,'southwest',22),(1193,48,2,'high',3,'southeast',22),(1194,48,2,'high',0,'northwest',22),(1195,36,2,'high',0,'southwest',9),(1196,36,2,'high',1,'southeast',9),(1197,36,2,'normal',2,'southwest',9),(1198,36,2,'high',0,'northeast',9),(1199,36,2,'high',0,'northwest',9),(1200,36,2,'normal',0,'northeast',9),(1201,36,2,'high',4,'southeast',9),(1202,36,2,'high',0,'southeast',9),(1203,36,2,'normal',3,'northeast',9),(1204,36,2,'high',1,'southwest',9),(1205,31,2,'high',0,'southeast',3),(1206,31,2,'high',2,'southeast',3),(1207,31,2,'high',1,'northwest',3),(1208,31,2,'high',0,'northeast',3),(1209,31,2,'normal',2,'southwest',3),(1210,31,2,'high',0,'southwest',3),(1211,31,2,'high',1,'northeast',3),(1212,31,2,'high',3,'northeast',3),(1213,31,2,'high',1,'southeast',3),(1214,31,2,'high',2,'northwest',3),(1215,31,2,'normal',0,'northwest',3),(1216,31,2,'high',2,'southwest',3),(1217,45,1,'normal',2,'northwest',2),(1218,45,1,'high',1,'southwest',2),(1219,45,1,'high',2,'northwest',2),(1220,45,1,'normal',5,'southeast',2),(1221,45,1,'high',2,'southwest',2),(1222,45,1,'normal',0,'northwest',2),(1223,45,1,'normal',2,'northeast',2),(1224,45,1,'high',0,'northeast',2),(1225,45,1,'normal',0,'northeast',2),(1226,45,1,'normal',3,'southeast',2),(1227,45,1,'high',3,'southwest',2),(1228,45,1,'high',0,'southeast',2),(1229,45,1,'normal',2,'northwest',3),(1230,45,1,'high',1,'southwest',3),(1231,45,1,'high',2,'northwest',3),(1232,45,1,'normal',5,'southeast',3),(1233,45,1,'high',2,'southwest',3),(1234,45,1,'normal',0,'northwest',3),(1235,45,1,'normal',2,'northeast',3),(1236,45,1,'high',0,'northeast',3),(1237,45,1,'normal',0,'northeast',3),(1238,45,1,'normal',3,'southeast',3),(1239,45,1,'high',3,'southwest',3),(1240,45,1,'high',0,'southeast',3),(1241,45,1,'normal',2,'northwest',38),(1242,45,1,'high',1,'southwest',38),(1243,45,1,'high',2,'northwest',38),(1244,45,1,'normal',5,'southeast',38),(1245,45,1,'high',2,'southwest',38),(1246,45,1,'normal',0,'northwest',38),(1247,45,1,'normal',2,'northeast',38),(1248,45,1,'high',0,'northeast',38),(1249,45,1,'normal',0,'northeast',38),(1250,45,1,'normal',3,'southeast',38),(1251,45,1,'high',3,'southwest',38),(1252,45,1,'high',0,'southeast',38),(1253,45,1,'normal',2,'northwest',10),(1254,45,1,'high',1,'southwest',10),(1255,45,1,'high',2,'northwest',10),(1256,45,1,'normal',5,'southeast',10),(1257,45,1,'high',2,'southwest',10),(1258,45,1,'normal',0,'northwest',10),(1259,45,1,'normal',2,'northeast',10),(1260,45,1,'high',0,'northeast',10),(1261,45,1,'normal',0,'northeast',10),(1262,45,1,'normal',3,'southeast',10),(1263,45,1,'high',3,'southwest',10),(1264,45,1,'high',0,'southeast',10),(1265,45,1,'normal',2,'northwest',7),(1266,45,1,'high',1,'southwest',7),(1267,45,1,'high',2,'northwest',7),(1268,45,1,'normal',5,'southeast',7),(1269,45,1,'high',2,'southwest',7),(1270,45,1,'normal',0,'northwest',7),(1271,45,1,'normal',2,'northeast',7),(1272,45,1,'high',0,'northeast',7),(1273,45,1,'normal',0,'northeast',7),(1274,45,1,'normal',3,'southeast',7),(1275,45,1,'high',3,'southwest',7),(1276,45,1,'high',0,'southeast',7),(1277,45,1,'normal',2,'northwest',20),(1278,45,1,'high',1,'southwest',20),(1279,45,1,'high',2,'northwest',20),(1280,45,1,'normal',5,'southeast',20),(1281,45,1,'high',2,'southwest',20),(1282,45,1,'normal',0,'northwest',20),(1283,45,1,'normal',2,'northeast',20),(1284,45,1,'high',0,'northeast',20),(1285,45,1,'normal',0,'northeast',20),(1286,45,1,'normal',3,'southeast',20),(1287,45,1,'high',3,'southwest',20),(1288,45,1,'high',0,'southeast',20),(1289,53,1,'high',1,'northwest',26),(1290,53,1,'high',0,'southeast',26),(1291,53,1,'high',1,'southwest',26),(1292,53,1,'normal',0,'northwest',26),(1293,53,1,'high',2,'northeast',26),(1294,53,1,'high',3,'southwest',26),(1295,53,1,'normal',1,'southwest',26),(1296,53,1,'high',0,'northeast',26),(1297,53,1,'high',0,'northwest',26),(1298,53,1,'normal',0,'southeast',26),(1299,53,1,'high',1,'northwest',7),(1300,53,1,'high',0,'southeast',7),(1301,53,1,'high',1,'southwest',7),(1302,53,1,'normal',0,'northwest',7),(1303,53,1,'high',2,'northeast',7),(1304,53,1,'high',3,'southwest',7),(1305,53,1,'normal',1,'southwest',7),(1306,53,1,'high',0,'northeast',7),(1307,53,1,'high',0,'northwest',7),(1308,53,1,'normal',0,'southeast',7),(1309,53,1,'high',1,'northwest',25),(1310,53,1,'high',0,'southeast',25),(1311,53,1,'high',1,'southwest',25),(1312,53,1,'normal',0,'northwest',25),(1313,53,1,'high',2,'northeast',25),(1314,53,1,'high',3,'southwest',25),(1315,53,1,'normal',1,'southwest',25),(1316,53,1,'high',0,'northeast',25),(1317,53,1,'high',0,'northwest',25),(1318,53,1,'normal',0,'southeast',25),(1319,27,1,'high',0,'southeast',16),(1320,27,1,'normal',3,'northeast',16),(1321,27,1,'normal',0,'southeast',16),(1322,27,1,'high',3,'southwest',16),(1323,27,1,'high',0,'southwest',16),(1324,27,1,'high',2,'northwest',16),(1325,27,1,'high',1,'southeast',16),(1326,27,1,'high',0,'northeast',16),(1327,27,1,'high',0,'northwest',16),(1328,27,1,'high',3,'northeast',16),(1329,27,1,'high',2,'southwest',16),(1330,27,1,'high',0,'southeast',20),(1331,27,1,'normal',3,'northeast',20),(1332,27,1,'normal',0,'southeast',20),(1333,27,1,'high',3,'southwest',20),(1334,27,1,'high',0,'southwest',20),(1335,27,1,'high',2,'northwest',20),(1336,27,1,'high',1,'southeast',20),(1337,27,1,'high',0,'northeast',20),(1338,27,1,'high',0,'northwest',20),(1339,27,1,'high',3,'northeast',20),(1340,27,1,'high',2,'southwest',20),(1341,27,1,'high',0,'southeast',18),(1342,27,1,'normal',3,'northeast',18),(1343,27,1,'normal',0,'southeast',18),(1344,27,1,'high',3,'southwest',18),(1345,27,1,'high',0,'southwest',18),(1346,27,1,'high',2,'northwest',18),(1347,27,1,'high',1,'southeast',18),(1348,27,1,'high',0,'northeast',18),(1349,27,1,'high',0,'northwest',18),(1350,27,1,'high',3,'northeast',18),(1351,27,1,'high',2,'southwest',18),(1352,26,1,'normal',0,'southwest',14),(1353,26,1,'high',2,'northwest',14),(1354,26,1,'high',1,'northeast',14),(1355,26,1,'high',2,'southwest',14),(1356,26,1,'high',0,'northeast',14),(1357,26,1,'normal',2,'southwest',14),(1358,26,1,'low',0,'northwest',14),(1359,26,1,'high',3,'northeast',14),(1360,26,1,'high',1,'southeast',14),(1361,26,1,'high',0,'southeast',14),(1362,26,1,'high',1,'southwest',14),(1363,26,1,'high',0,'northwest',14),(1364,26,1,'high',1,'northwest',14),(1365,26,1,'normal',0,'southwest',39),(1366,26,1,'high',2,'northwest',39),(1367,26,1,'high',1,'northeast',39),(1368,26,1,'high',2,'southwest',39),(1369,26,1,'high',0,'northeast',39),(1370,26,1,'normal',2,'southwest',39),(1371,26,1,'low',0,'northwest',39),(1372,26,1,'high',3,'northeast',39),(1373,26,1,'high',1,'southeast',39),(1374,26,1,'high',0,'southeast',39),(1375,26,1,'high',1,'southwest',39),(1376,26,1,'high',0,'northwest',39),(1377,26,1,'high',1,'northwest',39),(1378,26,1,'normal',0,'southwest',3),(1379,26,1,'high',2,'northwest',3),(1380,26,1,'high',1,'northeast',3),(1381,26,1,'high',2,'southwest',3),(1382,26,1,'high',0,'northeast',3),(1383,26,1,'normal',2,'southwest',3),(1384,26,1,'low',0,'northwest',3),(1385,26,1,'high',3,'northeast',3),(1386,26,1,'high',1,'southeast',3),(1387,26,1,'high',0,'southeast',3),(1388,26,1,'high',1,'southwest',3),(1389,26,1,'high',0,'northwest',3),(1390,26,1,'high',1,'northwest',3),(1391,49,1,'high',0,'southwest',7),(1392,49,1,'high',1,'northeast',7),(1393,49,1,'high',0,'southeast',7),(1394,49,1,'high',3,'northwest',7),(1395,49,1,'high',2,'southeast',7),(1396,49,1,'high',2,'northwest',7),(1397,49,1,'high',2,'southwest',7),(1398,49,1,'high',1,'southwest',7),(1399,49,1,'normal',0,'northeast',7),(1400,37,2,'high',3,'northwest',14),(1401,37,2,'high',2,'southeast',14),(1402,37,2,'high',2,'southwest',14),(1403,37,2,'normal',2,'northwest',14),(1404,37,2,'high',0,'southeast',14),(1405,37,2,'high',0,'northeast',14),(1406,37,2,'low',2,'northeast',14),(1407,37,2,'high',1,'northwest',14),(1408,37,2,'high',1,'northeast',14),(1409,37,2,'high',3,'northwest',4),(1410,37,2,'high',2,'southeast',4),(1411,37,2,'high',2,'southwest',4),(1412,37,2,'normal',2,'northwest',4),(1413,37,2,'high',0,'southeast',4),(1414,37,2,'high',0,'northeast',4),(1415,37,2,'low',2,'northeast',4),(1416,37,2,'high',1,'northwest',4),(1417,37,2,'high',1,'northeast',4),(1418,47,1,'high',4,'northeast',7),(1419,47,1,'high',2,'northeast',7),(1420,47,1,'high',1,'southeast',7),(1421,47,1,'high',3,'northwest',7),(1422,47,1,'normal',1,'northwest',7),(1423,47,1,'high',1,'southwest',7),(1424,47,1,'high',2,'southeast',7),(1425,47,1,'normal',1,'northeast',7),(1426,47,1,'high',3,'southwest',7),(1427,47,1,'high',0,'southeast',7),(1428,64,1,'normal',1,'northwest',4),(1429,64,1,'high',0,'southwest',4),(1430,64,1,'high',2,'southwest',4),(1431,64,1,'high',1,'southeast',4),(1432,64,1,'high',0,'southeast',4),(1433,64,1,'high',0,'northeast',4),(1434,64,1,'high',0,'northwest',4),(1435,64,1,'high',2,'southeast',4),(1436,64,1,'normal',0,'southeast',4),(1437,39,1,'normal',2,'northwest',24),(1438,39,1,'high',4,'southwest',24),(1439,39,1,'high',1,'southwest',24),(1440,39,1,'high',2,'southeast',24),(1441,39,1,'high',0,'northeast',24),(1442,39,1,'high',1,'northwest',24),(1443,39,1,'high',2,'southwest',24),(1444,39,1,'normal',1,'northwest',24),(1445,39,1,'high',1,'northeast',24),(1446,39,1,'normal',2,'northwest',7),(1447,39,1,'high',4,'southwest',7),(1448,39,1,'high',1,'southwest',7),(1449,39,1,'high',2,'southeast',7),(1450,39,1,'high',0,'northeast',7),(1451,39,1,'high',1,'northwest',7),(1452,39,1,'high',2,'southwest',7),(1453,39,1,'normal',1,'northwest',7),(1454,39,1,'high',1,'northeast',7),(1455,39,1,'normal',2,'northwest',15),(1456,39,1,'high',4,'southwest',15),(1457,39,1,'high',1,'southwest',15),(1458,39,1,'high',2,'southeast',15),(1459,39,1,'high',0,'northeast',15),(1460,39,1,'high',1,'northwest',15),(1461,39,1,'high',2,'southwest',15),(1462,39,1,'normal',1,'northwest',15),(1463,39,1,'high',1,'northeast',15),(1464,22,2,'high',0,'northeast',41),(1465,22,2,'high',0,'southeast',41),(1466,22,2,'high',0,'southwest',41),(1467,22,2,'normal',0,'southwest',41),(1468,22,2,'high',2,'northeast',41),(1469,22,2,'normal',0,'northeast',41),(1470,22,2,'normal',0,'northwest',41),(1471,22,2,'high',3,'southeast',41),(1472,22,2,'high',0,'northwest',41),(1473,22,2,'normal',3,'northwest',41),(1474,61,1,'high',0,'southeast',45),(1475,61,1,'high',1,'northwest',45),(1476,61,1,'high',0,'southwest',45),(1477,61,1,'high',0,'northeast',45),(1478,61,1,'high',3,'southwest',45),(1479,61,1,'high',2,'northwest',45),(1480,61,1,'normal',0,'northeast',45),(1481,61,1,'high',0,'northwest',45),(1482,61,1,'high',1,'southwest',45),(1483,43,2,'high',2,'northeast',43),(1484,43,2,'high',3,'southwest',43),(1485,43,2,'high',1,'southeast',43),(1486,43,2,'high',0,'southeast',43),(1487,43,2,'high',2,'northwest',43),(1488,43,2,'normal',2,'northeast',43),(1489,43,2,'high',0,'northwest',43),(1490,43,2,'normal',2,'northwest',43),(1491,43,2,'high',0,'northeast',43),(1492,43,2,'high',3,'southeast',43),(1493,43,2,'high',1,'northwest',43),(1494,43,2,'high',2,'southwest',43),(1495,43,2,'high',1,'northeast',43),(1496,43,2,'high',1,'southwest',43),(1497,55,2,'high',2,'northwest',13),(1498,55,2,'high',0,'northwest',13),(1499,55,2,'high',2,'southwest',13),(1500,55,2,'high',1,'southwest',13),(1501,55,2,'high',3,'northeast',13),(1502,55,2,'high',1,'northeast',13),(1503,55,2,'high',2,'southeast',13),(1504,55,2,'high',0,'southwest',13),(1505,55,2,'high',3,'southeast',13),(1506,55,2,'high',0,'southeast',13),(1507,55,2,'high',0,'northeast',13),(1508,51,2,'high',1,'southeast',3),(1509,51,2,'low',0,'northwest',3),(1510,51,2,'normal',1,'southeast',3),(1511,51,2,'normal',0,'southwest',3),(1512,51,2,'high',1,'southwest',3),(1513,51,2,'high',0,'northeast',3),(1514,51,2,'high',0,'southeast',3),(1515,51,2,'high',2,'northwest',3),(1516,51,2,'high',3,'northeast',3),(1517,51,2,'high',2,'northeast',3),(1518,51,2,'high',3,'northwest',3),(1519,54,1,'high',1,'northwest',22),(1520,54,1,'high',1,'southwest',22),(1521,54,1,'high',0,'northwest',22),(1522,54,1,'high',2,'southeast',22),(1523,54,1,'high',3,'northeast',22),(1524,54,1,'high',0,'northeast',22),(1525,54,1,'high',3,'southwest',22),(1526,54,1,'normal',2,'southeast',22),(1527,54,1,'normal',0,'northeast',22),(1528,54,1,'high',1,'southeast',22),(1529,54,1,'high',1,'northeast',22),(1530,54,1,'high',0,'southwest',22),(1531,63,1,'high',0,'northwest',26),(1532,63,1,'high',0,'southeast',26),(1533,63,1,'high',0,'northeast',26),(1534,63,1,'high',3,'northwest',26),(1535,63,1,'high',0,'southwest',26),(1536,63,1,'high',3,'southwest',26),(1537,63,1,'normal',1,'northwest',26),(1538,63,1,'high',3,'southeast',26),(1539,25,1,'high',0,'northeast',7),(1540,25,1,'high',4,'southeast',7),(1541,25,1,'high',0,'southeast',7),(1542,25,1,'high',0,'northwest',7),(1543,25,1,'high',2,'southeast',7),(1544,25,1,'high',3,'southwest',7),(1545,25,1,'normal',5,'southwest',7),(1546,25,1,'high',1,'northeast',7),(1547,25,1,'normal',0,'northwest',7),(1548,25,1,'high',4,'northwest',7),(1549,25,1,'high',2,'northeast',7),(1550,29,1,'high',0,'southeast',16),(1551,29,1,'high',2,'northwest',16),(1552,29,1,'high',1,'northeast',16),(1553,29,1,'high',0,'southwest',16),(1554,29,1,'high',2,'southwest',16),(1555,29,1,'normal',3,'northeast',16),(1556,29,1,'normal',0,'northeast',16),(1557,29,1,'high',1,'southeast',16),(1558,29,1,'high',2,'southeast',16);
/*!40000 ALTER TABLE `patient` ENABLE KEYS */;
UNLOCK TABLES;

--
-- Table structure for table `symptom`
--

DROP TABLE IF EXISTS `symptom`;
/*!40101 SET @saved_cs_client     = @@character_set_client */;
/*!50503 SET character_set_client = utf8mb4 */;
CREATE TABLE `symptom` (
  `cancer_id` int NOT NULL,
  `chest_pain` int DEFAULT NULL,
  `coughing_of_blood` int DEFAULT NULL,
  `fatigue` int DEFAULT NULL,
  `weight_loss` int DEFAULT NULL,
  `shortness_of_breath` int DEFAULT NULL,
  `wheezing` int DEFAULT NULL,
  `swallowing_wifficulty` int DEFAULT NULL,
  `clubbing_of_inger_nails` int DEFAULT NULL,
  `frequent_cold` int DEFAULT NULL,
  `dry_cough` int DEFAULT NULL,
  `snoring` int DEFAULT NULL,
  `cancer_level` varchar(20) DEFAULT NULL,
  PRIMARY KEY (`cancer_id`)
) ENGINE=InnoDB DEFAULT CHARSET=utf8mb4 COLLATE=utf8mb4_0900_ai_ci;
/*!40101 SET character_set_client = @saved_cs_client */;

--
-- Dumping data for table `symptom`
--

LOCK TABLES `symptom` WRITE;
/*!40000 ALTER TABLE `symptom` DISABLE KEYS */;
INSERT INTO `symptom` VALUES (1,2,4,3,4,2,2,3,1,2,3,4,'Low'),(2,7,7,4,4,5,6,5,5,4,6,5,'High'),(3,3,3,4,5,6,5,5,4,6,5,4,'Medium'),(4,7,7,9,6,5,7,2,4,3,1,4,'High'),(5,7,7,8,5,7,6,7,8,7,6,2,'High'),(6,8,7,3,2,6,4,2,3,1,2,1,'Medium'),(7,4,8,8,7,9,2,1,4,6,7,2,'High'),(8,3,4,4,2,2,2,3,2,1,2,4,'Low'),(9,2,4,6,7,2,5,8,1,3,2,3,'Medium'),(10,4,3,2,7,6,5,1,9,3,4,2,'Medium'),(11,6,5,1,4,3,2,4,6,2,4,1,'Medium'),(12,7,6,5,5,4,6,5,4,6,5,7,'High'),(13,2,1,3,4,5,1,3,2,1,2,2,'Low'),(14,7,8,4,2,3,1,4,5,6,7,5,'High'),(15,7,9,3,2,4,1,4,2,4,2,3,'High'),(16,7,7,2,7,6,7,6,7,2,3,1,'High'),(17,3,4,4,1,2,4,6,5,4,2,5,'Medium'),(18,4,4,1,2,4,6,5,4,2,1,5,'Medium'),(19,1,1,1,1,1,3,2,3,2,3,3,'Low'),(20,3,1,3,2,2,4,2,2,3,4,3,'Low'),(21,2,2,3,3,7,7,4,8,7,7,5,'Medium'),(22,7,7,5,3,2,7,8,2,4,5,3,'High'),(23,2,2,2,2,3,2,1,2,3,2,3,'Low'),(24,6,6,5,3,2,4,3,1,7,5,6,'Medium'),(25,4,2,2,2,3,4,1,5,2,6,2,'Low'),(26,9,6,5,2,5,2,3,2,1,7,6,'High'),(27,6,5,5,3,2,1,4,7,2,1,6,'Medium'),(28,3,6,2,1,2,3,4,2,1,1,1,'Low'),(29,3,2,4,3,2,1,2,4,2,3,2,'Low'),(30,1,1,1,2,3,2,5,1,5,1,1,'Low'),(31,1,3,1,1,1,1,1,3,2,4,2,'Low'),(32,2,4,2,1,3,4,6,1,3,2,2,'Low'),(33,2,2,2,2,1,3,4,4,1,4,1,'Low'),(34,2,3,8,7,7,3,8,9,1,6,2,'High'),(35,6,2,1,1,1,2,1,2,3,1,2,'Low'),(36,7,8,2,3,6,4,2,3,1,2,1,'Low'),(37,7,4,2,1,3,2,2,1,2,5,1,'Low'),(38,7,2,3,8,7,3,8,3,2,3,1,'Low'),(39,4,3,1,2,3,4,5,1,2,3,4,'Low'),(40,1,4,2,6,1,2,4,2,1,2,3,'Low'),(41,1,2,3,2,1,3,2,4,2,1,1,'Low'),(42,1,1,1,1,1,2,3,4,5,2,1,'Low'),(43,2,4,1,3,4,2,4,2,4,3,1,'Low'),(44,2,5,3,2,1,2,3,1,3,4,2,'Low'),(45,1,5,2,1,3,2,1,3,2,1,2,'Low'),(46,4,3,2,5,2,1,2,3,4,5,2,'Low');
/*!40000 ALTER TABLE `symptom` ENABLE KEYS */;
UNLOCK TABLES;
/*!40103 SET TIME_ZONE=@OLD_TIME_ZONE */;

/*!40101 SET SQL_MODE=@OLD_SQL_MODE */;
/*!40014 SET FOREIGN_KEY_CHECKS=@OLD_FOREIGN_KEY_CHECKS */;
/*!40014 SET UNIQUE_CHECKS=@OLD_UNIQUE_CHECKS */;
/*!40101 SET CHARACTER_SET_CLIENT=@OLD_CHARACTER_SET_CLIENT */;
/*!40101 SET CHARACTER_SET_RESULTS=@OLD_CHARACTER_SET_RESULTS */;
/*!40101 SET COLLATION_CONNECTION=@OLD_COLLATION_CONNECTION */;
/*!40111 SET SQL_NOTES=@OLD_SQL_NOTES */;

-- Dump completed on 2023-02-16  8:28:14
