CREATE DATABASE  IF NOT EXISTS `cancer` /*!40100 DEFAULT CHARACTER SET utf8mb4 COLLATE utf8mb4_0900_ai_ci */ /*!80016 DEFAULT ENCRYPTION='N' */;
USE `cancer`;
-- MySQL dump 10.13  Distrib 8.0.30, for macos12 (x86_64)
--
-- Host: localhost    Database: cancer
-- ------------------------------------------------------
-- Server version	8.0.30

/*!40101 SET @OLD_CHARACTER_SET_CLIENT=@@CHARACTER_SET_CLIENT */;
/*!40101 SET @OLD_CHARACTER_SET_RESULTS=@@CHARACTER_SET_RESULTS */;
/*!40101 SET @OLD_COLLATION_CONNECTION=@@COLLATION_CONNECTION */;
/*!50503 SET NAMES utf8 */;
/*!40103 SET @OLD_TIME_ZONE=@@TIME_ZONE */;
/*!40103 SET TIME_ZONE='+00:00' */;
/*!40014 SET @OLD_UNIQUE_CHECKS=@@UNIQUE_CHECKS, UNIQUE_CHECKS=0 */;
/*!40014 SET @OLD_FOREIGN_KEY_CHECKS=@@FOREIGN_KEY_CHECKS, FOREIGN_KEY_CHECKS=0 */;
/*!40101 SET @OLD_SQL_MODE=@@SQL_MODE, SQL_MODE='NO_AUTO_VALUE_ON_ZERO' */;
/*!40111 SET @OLD_SQL_NOTES=@@SQL_NOTES, SQL_NOTES=0 */;

--
-- Table structure for table `factors`
--

DROP TABLE IF EXISTS `factors`;
/*!40101 SET @saved_cs_client     = @@character_set_client */;
/*!50503 SET character_set_client = utf8mb4 */;
CREATE TABLE `factors` (
  `patient id` int NOT NULL AUTO_INCREMENT,
  `Air Pollution` int DEFAULT NULL,
  `Alcohol use` int DEFAULT NULL,
  `Dust Allergy` int DEFAULT NULL,
  `OccuPational Hazards` int DEFAULT NULL,
  `Genetic Risk` int DEFAULT NULL,
  `chronic Lung Disease` int DEFAULT NULL,
  `Balanced Diet` int DEFAULT NULL,
  `Obesity` int DEFAULT NULL,
  `Smoking` int DEFAULT NULL,
  `Passive Smoker` int DEFAULT NULL,
  `Level` text,
  PRIMARY KEY (`patient id`),
  UNIQUE KEY `patient id_UNIQUE` (`patient id`),
  CONSTRAINT `patient_id` FOREIGN KEY (`patient id`) REFERENCES `patient` (`patient id`)
) ENGINE=InnoDB AUTO_INCREMENT=1001 DEFAULT CHARSET=utf8mb4 COLLATE=utf8mb4_0900_ai_ci;
/*!40101 SET character_set_client = @saved_cs_client */;

--
-- Dumping data for table `factors`
--

LOCK TABLES `factors` WRITE;
/*!40000 ALTER TABLE `factors` DISABLE KEYS */;
INSERT INTO `factors` VALUES (1,2,1,5,3,2,3,2,4,1,4,'Medium'),(2,4,5,6,5,5,4,6,7,2,3,'High'),(3,3,2,4,2,3,2,3,3,2,2,'Medium'),(4,6,8,7,7,7,6,7,7,8,7,'High'),(5,1,6,7,8,7,6,7,7,3,4,'Medium'),(6,2,1,5,3,2,3,2,4,1,4,'Medium'),(7,1,6,7,5,3,2,6,2,3,3,'Medium'),(8,2,4,5,4,3,2,2,4,3,2,'Low'),(9,2,1,2,3,4,3,2,1,1,1,'Low'),(10,6,5,6,5,5,4,6,7,2,3,'High'),(11,8,8,7,7,7,6,7,7,8,7,'High'),(12,3,1,5,3,4,2,2,2,2,4,'Medium'),(13,4,2,3,4,2,3,2,4,2,4,'Low'),(14,4,5,6,5,5,4,6,7,2,3,'High'),(15,7,7,7,7,7,6,7,7,7,7,'High'),(16,7,7,7,7,6,7,7,7,7,7,'High'),(17,7,7,7,7,6,7,7,7,7,7,'High'),(18,3,2,2,1,1,1,1,1,4,2,'Low'),(19,1,2,3,4,2,4,3,3,3,2,'Medium'),(20,6,7,7,7,7,7,6,7,7,7,'High'),(21,6,8,7,7,7,6,7,7,8,7,'High'),(22,2,1,2,1,2,1,2,3,2,4,'Low'),(23,6,8,7,7,7,6,2,4,1,2,'Medium'),(24,4,5,6,5,5,4,6,7,2,3,'High'),(25,6,7,7,7,7,6,7,7,7,8,'High'),(26,5,2,3,1,2,3,5,2,2,5,'Low'),(27,2,4,5,4,3,2,2,4,3,2,'Low'),(28,6,8,7,7,7,6,7,7,7,8,'High'),(29,2,3,1,3,2,5,2,1,2,1,'Low'),(30,3,1,4,3,2,3,4,3,1,4,'Low'),(31,6,8,7,7,7,6,2,4,1,2,'Medium'),(32,4,5,6,5,5,4,6,7,2,3,'High'),(33,3,2,1,2,3,5,1,2,7,2,'Low'),(34,6,8,7,7,7,6,7,7,8,7,'High'),(35,2,1,5,3,2,3,2,4,1,4,'Medium'),(36,2,1,5,3,2,3,2,4,1,4,'Medium'),(37,6,5,6,5,5,4,6,7,2,3,'High'),(38,3,2,4,2,3,2,3,3,2,2,'Medium'),(39,2,3,2,1,3,2,1,2,7,6,'Low'),(40,1,2,3,4,2,4,3,3,3,2,'Medium'),(41,4,5,6,5,6,5,5,5,6,6,'Medium'),(42,3,1,4,3,2,3,4,3,1,4,'Low'),(43,2,3,5,2,1,1,1,1,4,3,'Low'),(44,6,8,7,7,7,6,2,4,1,2,'Medium'),(45,2,3,4,2,4,3,3,3,2,3,'Medium'),(46,3,2,4,2,3,2,3,3,2,2,'Medium'),(47,3,2,1,3,2,4,5,1,6,2,'Low'),(48,6,7,7,7,7,6,7,7,7,8,'High'),(49,6,7,7,7,7,6,7,7,7,8,'High'),(50,8,8,7,7,7,6,7,7,8,7,'High'),(51,2,3,4,2,1,1,2,4,3,2,'Low'),(52,6,8,7,7,7,6,7,7,7,8,'High'),(53,7,7,7,7,6,7,7,7,7,7,'High'),(54,6,8,7,7,7,6,7,7,7,8,'High'),(55,3,1,1,1,2,3,4,1,3,2,'Low'),(56,4,5,6,6,5,4,6,6,6,6,'Medium'),(57,4,5,6,5,5,4,6,7,2,3,'High'),(58,6,7,7,7,7,6,7,7,4,8,'High'),(59,1,2,3,4,2,4,3,3,3,2,'Medium'),(60,6,7,7,7,6,7,7,7,7,7,'High'),(61,2,4,5,4,3,2,2,4,3,2,'Low'),(62,1,3,2,4,2,6,2,2,2,1,'Low'),(63,3,1,4,2,3,2,3,3,2,2,'Low'),(64,3,1,4,3,2,3,4,3,1,4,'Low'),(65,6,8,7,7,6,7,7,3,8,7,'High'),(66,5,6,6,5,6,5,6,5,8,5,'Medium'),(67,4,5,6,5,6,5,5,5,6,6,'Medium'),(68,4,5,6,5,5,4,6,7,2,3,'High'),(69,3,1,5,3,4,2,2,2,2,4,'Medium'),(70,6,8,7,7,7,6,2,4,1,2,'Medium'),(71,2,3,4,2,4,3,3,3,2,3,'Medium'),(72,6,7,7,7,6,7,7,7,7,7,'High'),(73,6,8,7,7,7,6,7,7,8,7,'High'),(74,6,7,7,7,7,6,7,7,7,8,'High'),(75,2,1,5,3,2,3,2,4,1,4,'Medium'),(76,6,7,7,7,7,6,7,7,7,7,'High'),(77,6,7,7,7,7,7,6,7,7,7,'High'),(78,6,8,7,7,7,6,7,7,7,8,'High'),(79,3,2,4,2,3,2,3,3,2,2,'Medium'),(80,6,7,7,7,6,7,7,7,7,7,'High'),(81,2,4,5,6,5,5,4,6,5,4,'Medium'),(82,4,5,6,6,5,4,6,6,6,6,'Medium'),(83,1,6,7,8,7,6,7,7,3,4,'Medium'),(84,6,8,7,7,6,7,7,3,8,7,'High'),(85,6,7,7,7,7,6,7,7,4,8,'High'),(86,6,7,7,7,7,7,6,7,7,7,'High'),(87,4,5,6,5,5,4,6,7,2,3,'High'),(88,3,1,4,2,3,2,3,3,2,2,'Low'),(89,3,2,4,2,3,2,3,3,2,2,'Medium'),(90,6,7,7,7,7,6,7,7,7,8,'High'),(91,6,8,7,7,7,6,7,7,8,7,'High'),(92,6,8,7,7,7,6,7,7,7,8,'High'),(93,1,6,7,5,3,2,6,2,3,3,'Medium'),(94,5,6,6,5,6,5,6,5,8,5,'Medium'),(95,6,7,7,7,7,6,7,7,7,7,'High'),(96,4,5,6,5,5,4,6,7,2,3,'High'),(97,1,2,3,4,2,4,3,3,3,2,'Medium'),(98,3,1,5,3,4,2,2,2,2,4,'Medium'),(99,6,7,7,7,7,7,6,7,7,7,'High'),(100,6,8,7,7,7,6,7,7,8,7,'High'),(101,6,8,7,7,7,6,2,4,1,2,'Medium'),(102,6,7,7,7,6,7,7,7,7,7,'High'),(103,6,8,7,7,7,6,2,4,1,2,'Medium'),(104,1,2,2,3,2,4,2,3,2,1,'Low'),(105,2,1,5,3,2,3,2,4,1,4,'Medium'),(106,2,1,5,3,2,3,2,4,1,4,'Medium'),(107,6,7,7,7,7,7,6,7,7,7,'High'),(108,3,2,4,2,3,2,3,3,2,2,'Medium'),(109,6,5,6,5,5,4,6,7,2,3,'High'),(110,2,4,5,6,5,5,4,6,5,4,'Medium'),(111,3,2,4,2,3,2,3,3,2,2,'Medium'),(112,6,8,7,7,7,6,2,4,1,2,'Medium'),(113,8,8,7,7,7,6,7,7,8,7,'High'),(114,6,8,7,7,6,7,7,3,8,7,'High'),(115,6,7,7,7,7,6,7,7,4,8,'High'),(116,2,1,5,3,2,3,2,4,1,4,'Medium'),(117,7,7,7,7,7,6,7,7,7,7,'High'),(118,4,5,6,5,5,4,6,7,2,3,'High'),(119,1,6,7,5,3,2,6,2,3,3,'Medium'),(120,3,2,4,2,3,2,3,3,2,2,'Medium'),(121,7,7,7,7,6,7,7,7,7,7,'High'),(122,6,8,7,7,7,6,7,7,8,7,'High'),(123,2,6,2,3,6,6,6,4,6,8,'High'),(124,1,6,7,8,7,6,7,7,3,4,'Medium'),(125,6,7,7,7,7,7,6,7,7,7,'High'),(126,2,4,5,6,5,5,4,6,7,7,'High'),(127,6,7,7,7,7,6,7,7,7,7,'High'),(128,6,7,7,7,7,6,7,7,7,8,'High'),(129,1,6,7,8,7,6,7,7,3,4,'Medium'),(130,1,6,7,5,3,2,6,2,3,3,'Medium'),(131,6,8,7,7,7,6,7,7,7,8,'High'),(132,2,4,5,4,3,2,2,4,3,2,'Low'),(133,6,8,7,7,7,6,2,4,1,2,'Medium'),(134,4,5,6,5,5,4,6,7,2,3,'High'),(135,3,1,4,3,2,3,4,3,1,4,'Low'),(136,2,1,5,3,2,3,2,4,1,4,'Medium'),(137,6,8,7,7,7,6,7,7,8,7,'High'),(138,3,2,4,2,3,2,3,3,2,2,'Medium'),(139,6,5,6,5,5,4,6,7,2,3,'High'),(140,6,7,7,7,7,6,7,7,4,8,'High'),(141,2,3,4,2,4,3,3,3,2,3,'Medium'),(142,1,6,7,5,3,2,6,2,3,3,'Medium'),(143,1,6,7,5,3,2,6,2,3,3,'Medium'),(144,2,4,5,6,5,5,4,6,5,4,'Medium'),(145,3,2,3,2,3,2,3,2,3,2,'Low'),(146,1,6,7,8,7,6,7,7,3,4,'Medium'),(147,2,6,2,3,6,6,6,4,6,8,'High'),(148,3,1,4,2,3,2,3,3,2,2,'Low'),(149,8,8,7,7,7,6,7,7,8,7,'High'),(150,2,4,5,6,5,5,4,6,7,7,'High'),(151,6,7,8,7,6,7,7,2,4,3,'Low'),(152,7,7,7,7,6,7,7,7,7,7,'High'),(153,2,3,6,7,7,7,7,2,4,3,'Low'),(154,1,6,7,8,7,6,7,7,3,4,'Medium'),(155,4,5,6,5,5,4,6,7,2,3,'High'),(156,1,2,4,5,6,5,5,4,6,4,'Low'),(157,2,4,5,4,3,2,2,4,3,2,'Low'),(158,2,4,5,4,3,2,2,4,3,2,'Low'),(159,1,2,3,4,2,4,3,3,3,2,'Medium'),(160,3,1,4,3,2,3,4,3,1,4,'Low'),(161,3,1,4,3,2,3,4,3,1,4,'Low'),(162,6,8,7,7,7,6,2,4,1,2,'Medium'),(163,2,6,2,3,6,6,6,4,6,8,'High'),(164,2,3,1,4,3,2,3,4,3,1,'Low'),(165,6,8,7,7,7,6,2,4,1,2,'Medium'),(166,3,1,4,3,2,3,4,3,1,4,'Low'),(167,3,1,4,2,3,2,3,3,2,2,'Low'),(168,2,1,5,3,2,3,2,4,1,4,'Medium'),(169,4,5,6,5,6,5,5,5,6,6,'Medium'),(170,6,7,8,7,6,7,7,2,4,3,'Low'),(171,2,3,4,2,4,3,3,3,2,3,'Medium'),(172,3,2,4,2,3,2,3,3,2,2,'Medium'),(173,2,3,6,7,7,7,7,2,4,3,'Low'),(174,1,2,3,4,2,4,3,3,3,2,'Medium'),(175,6,7,7,7,7,6,7,7,7,8,'High'),(176,1,2,4,5,6,5,5,4,6,4,'Low'),(177,4,2,3,2,1,2,3,2,1,5,'Low'),(178,6,8,7,7,7,6,7,7,7,8,'High'),(179,6,8,7,7,7,6,2,4,1,2,'Medium'),(180,1,2,3,4,4,3,2,1,3,2,'Low'),(181,4,5,6,6,5,4,6,6,6,6,'Medium'),(182,6,7,7,7,7,6,7,7,7,8,'High'),(183,2,1,3,4,3,5,3,2,6,1,'Low'),(184,3,2,1,3,2,1,3,2,1,2,'Low'),(185,6,8,7,7,7,6,7,7,7,8,'High'),(186,2,1,2,3,4,3,2,1,1,1,'Low'),(187,3,1,4,2,3,2,3,3,2,2,'Low'),(188,6,7,7,7,7,6,7,7,4,8,'High'),(189,3,1,4,3,2,3,4,3,1,4,'Low'),(190,6,8,7,7,6,7,7,3,8,7,'High'),(191,5,6,6,5,6,5,6,5,8,5,'Medium'),(192,1,6,7,5,3,2,6,2,3,3,'Medium'),(193,1,3,2,4,2,6,2,2,2,1,'Low'),(194,3,1,5,3,4,2,2,2,2,4,'Medium'),(195,2,3,1,4,3,2,3,4,3,1,'Low'),(196,6,8,7,7,6,7,7,3,8,7,'High'),(197,1,2,2,3,2,4,2,3,2,1,'Low'),(198,4,2,3,2,1,2,3,2,1,5,'Low'),(199,6,7,7,7,6,7,7,7,7,7,'High'),(200,3,2,3,2,3,2,3,2,3,2,'Low'),(201,4,5,6,5,5,4,6,7,2,3,'High'),(202,1,2,3,4,4,3,2,1,3,2,'Low'),(203,6,7,7,7,7,7,6,7,7,7,'High'),(204,3,2,1,3,2,1,3,2,1,2,'Low'),(205,6,8,7,7,7,6,7,7,8,7,'High'),(206,2,1,3,4,3,5,3,2,6,1,'Low'),(207,4,2,3,4,2,3,2,4,2,4,'Low'),(208,6,7,7,7,7,6,7,7,7,7,'High'),(209,2,4,5,6,5,5,4,6,5,4,'Medium'),(210,2,1,2,3,4,3,2,1,1,1,'Low'),(211,3,2,2,1,1,1,1,1,4,2,'Low'),(212,6,7,7,7,6,7,7,7,7,7,'High'),(213,6,8,7,7,6,7,7,3,8,7,'High'),(214,2,4,5,6,5,5,4,6,7,7,'High'),(215,6,7,7,7,7,7,6,7,7,7,'High'),(216,4,5,6,5,5,4,6,7,2,3,'High'),(217,1,3,2,4,2,6,2,2,2,1,'Low'),(218,6,7,7,7,7,6,7,7,7,8,'High'),(219,6,8,7,7,7,6,7,7,8,7,'High'),(220,1,2,2,3,2,4,2,3,2,1,'Low'),(221,2,1,2,1,2,1,2,3,2,4,'Low'),(222,6,8,7,7,7,6,7,7,7,8,'High'),(223,6,7,7,7,7,6,7,7,7,7,'High'),(224,3,2,3,2,3,2,3,2,3,2,'Low'),(225,5,2,3,1,2,3,5,2,2,5,'Low'),(226,4,5,6,5,5,4,6,7,2,3,'High'),(227,4,2,3,4,2,3,2,4,2,4,'Low'),(228,3,2,1,3,2,1,3,2,1,2,'Low'),(229,2,3,1,3,2,5,2,1,2,1,'Low'),(230,6,8,7,7,7,6,7,7,8,7,'High'),(231,6,8,7,7,7,6,2,4,1,2,'Medium'),(232,4,2,3,4,2,3,2,4,2,4,'Low'),(233,1,2,3,4,2,4,3,3,3,2,'Medium'),(234,2,1,5,3,2,3,2,4,1,4,'Medium'),(235,3,2,2,1,1,1,1,1,4,2,'Low'),(236,6,5,6,5,5,4,6,7,2,3,'High'),(237,3,2,4,2,3,2,3,3,2,2,'Medium'),(238,2,1,2,1,2,1,2,3,2,4,'Low'),(239,8,8,7,7,7,6,7,7,8,7,'High'),(240,6,7,7,7,7,6,7,7,4,8,'High'),(241,5,2,3,1,2,3,5,2,2,5,'Low'),(242,7,7,7,7,7,6,7,7,7,7,'High'),(243,1,6,7,5,3,2,6,2,3,3,'Medium'),(244,2,3,1,3,2,5,2,1,2,1,'Low'),(245,7,7,7,7,6,7,7,7,7,7,'High'),(246,2,6,2,3,6,6,6,4,6,8,'High'),(247,3,2,1,2,3,5,1,2,7,2,'Low'),(248,2,4,5,6,5,5,4,6,7,7,'High'),(249,6,7,7,7,7,7,6,7,7,7,'High'),(250,1,6,7,8,7,6,7,7,3,4,'Medium'),(251,1,6,7,8,7,6,7,7,3,4,'Medium'),(252,6,7,7,7,7,6,7,7,7,8,'High'),(253,2,4,5,4,3,2,2,4,3,2,'Low'),(254,2,3,2,1,3,2,1,2,7,6,'Low'),(255,6,8,7,7,7,6,7,7,7,8,'High'),(256,2,3,5,2,1,1,1,1,4,3,'Low'),(257,4,5,6,5,5,4,6,7,2,3,'High'),(258,3,1,4,3,2,3,4,3,1,4,'Low'),(259,3,2,1,3,2,4,5,1,6,2,'Low'),(260,6,8,7,7,7,6,7,7,8,7,'High'),(261,3,2,2,1,1,1,1,1,4,2,'Low'),(262,2,3,4,2,1,1,2,4,3,2,'Low'),(263,6,5,6,5,5,4,6,7,2,3,'High'),(264,3,2,1,2,3,5,1,2,7,2,'Low'),(265,3,1,4,2,3,2,3,3,2,2,'Low'),(266,3,1,1,1,2,3,4,1,3,2,'Low'),(267,6,8,7,7,7,6,7,7,7,8,'High'),(268,4,5,6,5,5,4,6,7,2,3,'High'),(269,6,7,8,7,6,7,7,2,4,3,'Low'),(270,1,2,3,4,2,4,3,3,3,2,'Medium'),(271,6,8,7,7,7,6,2,4,1,2,'Medium'),(272,2,3,6,7,7,7,7,2,4,3,'Low'),(273,6,8,7,7,7,6,2,4,1,2,'Medium'),(274,1,2,4,5,6,5,5,4,6,4,'Low'),(275,2,3,2,1,3,2,1,2,7,6,'Low'),(276,2,1,5,3,2,3,2,4,1,4,'Medium'),(277,3,1,4,3,2,3,4,3,1,4,'Low'),(278,2,3,5,2,1,1,1,1,4,3,'Low'),(279,8,8,7,7,7,6,7,7,8,7,'High'),(280,3,2,4,2,3,2,3,3,2,2,'Medium'),(281,2,3,1,4,3,2,3,4,3,1,'Low'),(282,3,2,1,3,2,4,5,1,6,2,'Low'),(283,7,7,7,7,6,7,7,7,7,7,'High'),(284,1,6,7,8,7,6,7,7,3,4,'Medium'),(285,4,2,3,2,1,2,3,2,1,5,'Low'),(286,4,5,6,5,5,4,6,7,2,3,'High'),(287,1,2,3,4,4,3,2,1,3,2,'Low'),(288,2,4,5,4,3,2,2,4,3,2,'Low'),(289,2,3,4,2,1,1,2,4,3,2,'Low'),(290,2,1,3,4,3,5,3,2,6,1,'Low'),(291,2,4,5,4,3,2,2,4,3,2,'Low'),(292,3,1,4,3,2,3,4,3,1,4,'Low'),(293,3,1,1,1,2,3,4,1,3,2,'Low'),(294,2,1,2,3,4,3,2,1,1,1,'Low'),(295,1,6,7,5,3,2,6,2,3,3,'Medium'),(296,1,2,3,4,2,4,3,3,3,2,'Medium'),(297,2,1,2,1,2,1,2,3,2,4,'Low'),(298,1,2,3,4,2,4,3,3,3,2,'Medium'),(299,6,8,7,7,7,6,2,4,1,2,'Medium'),(300,4,5,6,5,6,5,5,5,6,6,'Medium'),(301,2,1,5,3,2,3,2,4,1,4,'Medium'),(302,6,8,7,7,7,6,2,4,1,2,'Medium'),(303,2,3,4,2,4,3,3,3,2,3,'Medium'),(304,1,3,2,4,2,6,2,2,2,1,'Low'),(305,2,1,5,3,2,3,2,4,1,4,'Medium'),(306,1,2,2,3,2,4,2,3,2,1,'Low'),(307,6,7,7,7,7,6,7,7,7,8,'High'),(308,3,2,4,2,3,2,3,3,2,2,'Medium'),(309,3,2,4,2,3,2,3,3,2,2,'Medium'),(310,3,2,3,2,3,2,3,2,3,2,'Low'),(311,6,8,7,7,7,6,2,4,1,2,'Medium'),(312,1,6,7,8,7,6,7,7,3,4,'Medium'),(313,3,2,1,3,2,1,3,2,1,2,'Low'),(314,2,1,5,3,2,3,2,4,1,4,'Medium'),(315,6,8,7,7,7,6,7,7,7,8,'High'),(316,4,2,3,4,2,3,2,4,2,4,'Low'),(317,3,2,4,2,3,2,3,3,2,2,'Medium'),(318,4,5,6,6,5,4,6,6,6,6,'Medium'),(319,6,8,7,7,7,6,7,7,8,7,'High'),(320,3,2,2,1,1,1,1,1,4,2,'Low'),(321,1,6,7,8,7,6,7,7,3,4,'Medium'),(322,2,1,5,3,2,3,2,4,1,4,'Medium'),(323,1,6,7,5,3,2,6,2,3,3,'Medium'),(324,2,1,2,1,2,1,2,3,2,4,'Low'),(325,3,1,4,2,3,2,3,3,2,2,'Low'),(326,1,6,7,5,3,2,6,2,3,3,'Medium'),(327,5,2,3,1,2,3,5,2,2,5,'Low'),(328,1,2,3,4,2,4,3,3,3,2,'Medium'),(329,5,6,6,5,6,5,6,5,8,5,'Medium'),(330,3,1,4,3,2,3,4,3,1,4,'Low'),(331,2,3,1,3,2,5,2,1,2,1,'Low'),(332,6,8,7,7,7,6,2,4,1,2,'Medium'),(333,3,1,5,3,4,2,2,2,2,4,'Medium'),(334,1,2,3,4,2,4,3,3,3,2,'Medium'),(335,3,2,1,2,3,5,1,2,7,2,'Low'),(336,2,1,5,3,2,3,2,4,1,4,'Medium'),(337,6,7,7,7,6,7,7,7,7,7,'High'),(338,6,8,7,7,7,6,2,4,1,2,'Medium'),(339,5,2,3,1,2,3,5,2,2,5,'Low'),(340,3,2,4,2,3,2,3,3,2,2,'Medium'),(341,6,7,7,7,7,7,6,7,7,7,'High'),(342,6,8,7,7,7,6,2,4,1,2,'Medium'),(343,2,3,2,1,3,2,1,2,7,6,'Low'),(344,6,8,7,7,7,6,2,4,1,2,'Medium'),(345,2,4,5,6,5,5,4,6,5,4,'Medium'),(346,2,1,5,3,2,3,2,4,1,4,'Medium'),(347,2,3,5,2,1,1,1,1,4,3,'Low'),(348,2,1,5,3,2,3,2,4,1,4,'Medium'),(349,3,2,4,2,3,2,3,3,2,2,'Medium'),(350,3,2,1,3,2,4,5,1,6,2,'Low'),(351,3,2,4,2,3,2,3,3,2,2,'Medium'),(352,6,8,7,7,6,7,7,3,8,7,'High'),(353,1,2,3,4,2,4,3,3,3,2,'Medium'),(354,1,6,7,8,7,6,7,7,3,4,'Medium'),(355,2,3,4,2,1,1,2,4,3,2,'Low'),(356,6,8,7,7,7,6,2,4,1,2,'Medium'),(357,3,1,1,1,2,3,4,1,3,2,'Low'),(358,4,5,6,5,5,4,6,7,2,3,'High'),(359,6,7,7,7,7,6,7,7,7,8,'High'),(360,6,8,7,7,7,6,7,7,8,7,'High'),(361,6,8,7,7,7,6,7,7,7,8,'High'),(362,1,6,7,5,3,2,6,2,3,3,'Medium'),(363,6,7,7,7,7,6,7,7,4,8,'High'),(364,6,7,7,7,7,6,7,7,7,7,'High'),(365,3,1,4,2,3,2,3,3,2,2,'Low'),(366,1,2,3,4,2,4,3,3,3,2,'Medium'),(367,1,2,3,4,2,4,3,3,3,2,'Medium'),(368,6,8,7,7,6,7,7,3,8,7,'High'),(369,6,8,7,7,7,6,2,4,1,2,'Medium'),(370,6,8,7,7,7,6,2,4,1,2,'Medium'),(371,4,5,6,5,5,4,6,7,2,3,'High'),(372,6,8,7,7,7,6,2,4,1,2,'Medium'),(373,2,1,5,3,2,3,2,4,1,4,'Medium'),(374,6,7,7,7,7,6,7,7,7,7,'High'),(375,6,8,7,7,7,6,7,7,8,7,'High'),(376,3,2,4,2,3,2,3,3,2,2,'Medium'),(377,6,7,7,7,7,6,7,7,7,7,'High'),(378,6,8,7,7,7,6,2,4,1,2,'Medium'),(379,6,7,7,7,6,7,7,7,7,7,'High'),(380,2,1,5,3,2,3,2,4,1,4,'Medium'),(381,2,1,5,3,2,3,2,4,1,4,'Medium'),(382,6,7,7,7,7,7,6,7,7,7,'High'),(383,3,2,4,2,3,2,3,3,2,2,'Medium'),(384,3,2,4,2,3,2,3,3,2,2,'Medium'),(385,3,2,4,2,3,2,3,3,2,2,'Medium'),(386,6,7,7,7,7,6,7,7,7,8,'High'),(387,1,2,3,4,2,4,3,3,3,2,'Medium'),(388,6,7,7,7,7,6,7,7,4,8,'High'),(389,6,8,7,7,7,6,7,7,7,8,'High'),(390,1,6,7,5,3,2,6,2,3,3,'Medium'),(391,2,6,2,3,6,6,6,4,6,8,'High'),(392,4,5,6,5,5,4,6,7,2,3,'High'),(393,6,8,7,7,7,6,2,4,1,2,'Medium'),(394,2,4,5,6,5,5,4,6,7,7,'High'),(395,6,8,7,7,7,6,7,7,8,7,'High'),(396,6,7,7,7,7,6,7,7,7,8,'High'),(397,1,6,7,8,7,6,7,7,3,4,'Medium'),(398,6,7,8,7,6,7,7,2,4,3,'Low'),(399,6,8,7,7,7,6,7,7,7,8,'High'),(400,2,4,5,4,3,2,2,4,3,2,'Low'),(401,1,6,7,8,7,6,7,7,3,4,'Medium'),(402,6,5,6,5,5,4,6,7,2,3,'High'),(403,6,7,7,7,7,6,7,7,4,8,'High'),(404,3,1,4,3,2,3,4,3,1,4,'Low'),(405,2,3,1,3,2,5,2,1,2,1,'Low'),(406,6,8,7,7,7,6,2,4,1,2,'Medium'),(407,8,8,7,7,7,6,7,7,8,7,'High'),(408,6,8,7,7,7,6,2,4,1,2,'Medium'),(409,1,6,7,5,3,2,6,2,3,3,'Medium'),(410,6,8,7,7,6,7,7,3,8,7,'High'),(411,7,7,7,7,7,6,7,7,7,7,'High'),(412,3,1,4,2,3,2,3,3,2,2,'Low'),(413,1,2,3,4,2,4,3,3,3,2,'Medium'),(414,4,5,6,5,5,4,6,7,2,3,'High'),(415,7,7,7,7,6,7,7,7,7,7,'High'),(416,6,8,7,7,7,6,2,4,1,2,'Medium'),(417,6,8,7,7,7,6,7,7,8,7,'High'),(418,6,7,7,7,7,7,6,7,7,7,'High'),(419,2,1,5,3,2,3,2,4,1,4,'Medium'),(420,6,7,7,7,7,6,7,7,7,7,'High'),(421,6,7,7,7,7,6,7,7,7,8,'High'),(422,3,2,4,2,3,2,3,3,2,2,'Medium'),(423,6,7,7,7,6,7,7,7,7,7,'High'),(424,6,7,8,7,6,7,7,2,4,3,'Low'),(425,6,8,7,7,7,6,7,7,7,8,'High'),(426,6,8,7,7,7,6,2,4,1,2,'Medium'),(427,6,7,7,7,7,7,6,7,7,7,'High'),(428,2,3,6,7,7,7,7,2,4,3,'Low'),(429,4,5,6,5,5,4,6,7,2,3,'High'),(430,2,1,5,3,2,3,2,4,1,4,'Medium'),(431,1,2,4,5,6,5,5,4,6,4,'Low'),(432,6,8,7,7,7,6,7,7,8,7,'High'),(433,3,2,4,2,3,2,3,3,2,2,'Medium'),(434,3,1,4,3,2,3,4,3,1,4,'Low'),(435,6,5,6,5,5,4,6,7,2,3,'High'),(436,2,3,1,4,3,2,3,4,3,1,'Low'),(437,6,7,7,7,7,6,7,7,7,8,'High'),(438,4,5,6,5,6,5,5,5,6,6,'Medium'),(439,4,2,3,2,1,2,3,2,1,5,'Low'),(440,6,8,7,7,7,6,7,7,7,8,'High'),(441,1,6,7,8,7,6,7,7,3,4,'Medium'),(442,1,2,3,4,4,3,2,1,3,2,'Low'),(443,1,6,7,5,3,2,6,2,3,3,'Medium'),(444,2,1,3,4,3,5,3,2,6,1,'Low'),(445,3,2,1,2,3,5,1,2,7,2,'Low'),(446,2,1,2,3,4,3,2,1,1,1,'Low'),(447,1,2,3,4,2,4,3,3,3,2,'Medium'),(448,2,1,5,3,2,3,2,4,1,4,'Medium'),(449,6,8,7,7,7,6,2,4,1,2,'Medium'),(450,1,3,2,4,2,6,2,2,2,1,'Low'),(451,6,8,7,7,7,6,2,4,1,2,'Medium'),(452,2,3,6,7,7,7,7,2,4,3,'Low'),(453,2,1,5,3,2,3,2,4,1,4,'Medium'),(454,8,8,7,7,7,6,7,7,8,7,'High'),(455,3,2,4,2,3,2,3,3,2,2,'Medium'),(456,7,7,7,7,6,7,7,7,7,7,'High'),(457,1,2,3,4,2,4,3,3,3,2,'Medium'),(458,1,2,2,3,2,4,2,3,2,1,'Low'),(459,4,5,6,5,5,4,6,7,2,3,'High'),(460,6,8,7,7,7,6,2,4,1,2,'Medium'),(461,3,2,3,2,3,2,3,2,3,2,'Low'),(462,2,4,5,4,3,2,2,4,3,2,'Low'),(463,3,2,1,3,2,1,3,2,1,2,'Low'),(464,6,7,7,7,7,6,7,7,7,8,'High'),(465,3,1,4,3,2,3,4,3,1,4,'Low'),(466,6,8,7,7,7,6,7,7,7,8,'High'),(467,4,5,6,5,6,5,5,5,6,6,'Medium'),(468,6,7,7,7,7,6,7,7,4,8,'High'),(469,2,3,4,2,4,3,3,3,2,3,'Medium'),(470,4,2,3,4,2,3,2,4,2,4,'Low'),(471,2,3,2,1,3,2,1,2,7,6,'Low'),(472,6,7,7,7,7,6,7,7,7,8,'High'),(473,3,2,2,1,1,1,1,1,4,2,'Low'),(474,6,8,7,7,7,6,7,7,7,8,'High'),(475,2,1,2,1,2,1,2,3,2,4,'Low'),(476,4,5,6,6,5,4,6,6,6,6,'Medium'),(477,5,2,3,1,2,3,5,2,2,5,'Low'),(478,6,8,7,7,6,7,7,3,8,7,'High'),(479,1,2,4,5,6,5,5,4,6,4,'Low'),(480,2,3,1,3,2,5,2,1,2,1,'Low'),(481,4,5,6,5,5,4,6,7,2,3,'High'),(482,3,1,4,2,3,2,3,3,2,2,'Low'),(483,3,2,1,2,3,5,1,2,7,2,'Low'),(484,6,8,7,7,7,6,7,7,8,7,'High'),(485,5,6,6,5,6,5,6,5,8,5,'Medium'),(486,3,2,4,2,3,2,3,3,2,2,'Medium'),(487,6,7,7,7,7,6,7,7,7,7,'High'),(488,3,1,5,3,4,2,2,2,2,4,'Medium'),(489,2,3,2,1,3,2,1,2,7,6,'Low'),(490,6,7,7,7,6,7,7,7,7,7,'High'),(491,2,3,5,2,1,1,1,1,4,3,'Low'),(492,6,7,7,7,7,7,6,7,7,7,'High'),(493,3,2,1,3,2,4,5,1,6,2,'Low'),(494,6,7,7,7,7,6,7,7,7,8,'High'),(495,2,3,4,2,1,1,2,4,3,2,'Low'),(496,6,8,7,7,7,6,7,7,7,8,'High'),(497,3,1,1,1,2,3,4,1,3,2,'Low'),(498,6,7,7,7,6,7,7,7,7,7,'High'),(499,4,5,6,5,5,4,6,7,2,3,'High'),(500,1,2,3,4,2,4,3,3,3,2,'Medium'),(501,6,7,7,7,7,7,6,7,7,7,'High'),(502,6,8,7,7,7,6,7,7,8,7,'High'),(503,6,8,7,7,7,6,2,4,1,2,'Medium'),(504,2,4,5,6,5,5,4,6,5,4,'Medium'),(505,2,3,5,2,1,1,1,1,4,3,'Low'),(506,6,8,7,7,6,7,7,3,8,7,'High'),(507,6,5,6,5,5,4,6,7,2,3,'High'),(508,4,5,6,5,5,4,6,7,2,3,'High'),(509,2,1,5,3,2,3,2,4,1,4,'Medium'),(510,8,8,7,7,7,6,7,7,8,7,'High'),(511,6,8,7,7,7,6,7,7,8,7,'High'),(512,2,1,5,3,2,3,2,4,1,4,'Medium'),(513,3,2,4,2,3,2,3,3,2,2,'Medium'),(514,6,7,7,7,7,6,7,7,7,7,'High'),(515,3,2,4,2,3,2,3,3,2,2,'Medium'),(516,7,7,7,7,7,6,7,7,7,7,'High'),(517,3,1,4,3,2,3,4,3,1,4,'Low'),(518,1,6,7,8,7,6,7,7,3,4,'Medium'),(519,7,7,7,7,6,7,7,7,7,7,'High'),(520,6,8,7,7,7,6,2,4,1,2,'Medium'),(521,1,6,7,8,7,6,7,7,3,4,'Medium'),(522,6,7,7,7,7,6,7,7,4,8,'High'),(523,6,7,7,7,7,7,6,7,7,7,'High'),(524,2,1,5,3,2,3,2,4,1,4,'Medium'),(525,1,6,7,5,3,2,6,2,3,3,'Medium'),(526,1,6,7,5,3,2,6,2,3,3,'Medium'),(527,3,2,4,2,3,2,3,3,2,2,'Medium'),(528,1,2,3,4,2,4,3,3,3,2,'Medium'),(529,2,6,2,3,6,6,6,4,6,8,'High'),(530,6,7,7,7,7,6,7,7,4,8,'High'),(531,6,8,7,7,7,6,2,4,1,2,'Medium'),(532,6,7,7,7,7,6,7,7,7,8,'High'),(533,1,6,7,5,3,2,6,2,3,3,'Medium'),(534,2,1,5,3,2,3,2,4,1,4,'Medium'),(535,3,2,4,2,3,2,3,3,2,2,'Medium'),(536,2,6,2,3,6,6,6,4,6,8,'High'),(537,6,8,7,7,7,6,2,4,1,2,'Medium'),(538,2,4,5,6,5,5,4,6,7,7,'High'),(539,2,4,5,6,5,5,4,6,7,7,'High'),(540,6,8,7,7,7,6,7,7,7,8,'High'),(541,2,1,5,3,2,3,2,4,1,4,'Medium'),(542,1,6,7,8,7,6,7,7,3,4,'Medium'),(543,1,6,7,8,7,6,7,7,3,4,'Medium'),(544,4,5,6,5,5,4,6,7,2,3,'High'),(545,3,2,4,2,3,2,3,3,2,2,'Medium'),(546,2,4,5,4,3,2,2,4,3,2,'Low'),(547,2,4,5,4,3,2,2,4,3,2,'Low'),(548,6,8,7,7,7,6,7,7,8,7,'High'),(549,1,6,7,8,7,6,7,7,3,4,'Medium'),(550,3,1,4,3,2,3,4,3,1,4,'Low'),(551,3,1,4,3,2,3,4,3,1,4,'Low'),(552,1,6,7,5,3,2,6,2,3,3,'Medium'),(553,6,5,6,5,5,4,6,7,2,3,'High'),(554,1,2,3,4,2,4,3,3,3,2,'Medium'),(555,6,7,7,7,7,6,7,7,7,8,'High'),(556,1,6,7,5,3,2,6,2,3,3,'Medium'),(557,3,1,4,2,3,2,3,3,2,2,'Low'),(558,3,2,1,3,2,4,5,1,6,2,'Low'),(559,6,7,8,7,6,7,7,2,4,3,'Low'),(560,8,8,7,7,7,6,7,7,8,7,'High'),(561,2,3,6,7,7,7,7,2,4,3,'Low'),(562,2,3,1,4,3,2,3,4,3,1,'Low'),(563,7,7,7,7,6,7,7,7,7,7,'High'),(564,1,2,3,4,2,4,3,3,3,2,'Medium'),(565,1,2,4,5,6,5,5,4,6,4,'Low'),(566,3,1,4,2,3,2,3,3,2,2,'Low'),(567,4,5,6,5,5,4,6,7,2,3,'High'),(568,6,8,7,7,7,6,2,4,1,2,'Medium'),(569,3,1,4,3,2,3,4,3,1,4,'Low'),(570,6,7,8,7,6,7,7,2,4,3,'Low'),(571,2,4,5,4,3,2,2,4,3,2,'Low'),(572,6,8,7,7,7,6,2,4,1,2,'Medium'),(573,2,3,1,4,3,2,3,4,3,1,'Low'),(574,2,3,6,7,7,7,7,2,4,3,'Low'),(575,3,1,4,3,2,3,4,3,1,4,'Low'),(576,4,2,3,2,1,2,3,2,1,5,'Low'),(577,1,2,4,5,6,5,5,4,6,4,'Low'),(578,1,2,3,4,4,3,2,1,3,2,'Low'),(579,4,5,6,5,6,5,5,5,6,6,'Medium'),(580,3,1,4,3,2,3,4,3,1,4,'Low'),(581,2,1,3,4,3,5,3,2,6,1,'Low'),(582,2,3,4,2,4,3,3,3,2,3,'Medium'),(583,2,3,1,4,3,2,3,4,3,1,'Low'),(584,2,1,5,3,2,3,2,4,1,4,'Medium'),(585,2,1,2,3,4,3,2,1,1,1,'Low'),(586,6,7,7,7,7,6,7,7,7,8,'High'),(587,4,2,3,2,1,2,3,2,1,5,'Low'),(588,3,2,4,2,3,2,3,3,2,2,'Medium'),(589,6,8,7,7,7,6,2,4,1,2,'Medium'),(590,1,2,3,4,4,3,2,1,3,2,'Low'),(591,1,2,3,4,2,4,3,3,3,2,'Medium'),(592,6,8,7,7,7,6,7,7,7,8,'High'),(593,1,3,2,4,2,6,2,2,2,1,'Low'),(594,6,8,7,7,7,6,2,4,1,2,'Medium'),(595,4,5,6,6,5,4,6,6,6,6,'Medium'),(596,1,2,2,3,2,4,2,3,2,1,'Low'),(597,2,1,3,4,3,5,3,2,6,1,'Low'),(598,6,7,7,7,7,6,7,7,7,8,'High'),(599,2,3,4,2,1,1,2,4,3,2,'Low'),(600,3,2,3,2,3,2,3,2,3,2,'Low'),(601,2,1,2,3,4,3,2,1,1,1,'Low'),(602,6,8,7,7,7,6,7,7,7,8,'High'),(603,3,2,1,3,2,1,3,2,1,2,'Low'),(604,4,2,3,2,1,2,3,2,1,5,'Low'),(605,6,7,7,7,7,6,7,7,4,8,'High'),(606,4,2,3,4,2,3,2,4,2,4,'Low'),(607,1,3,2,4,2,6,2,2,2,1,'Low'),(608,1,2,3,4,2,4,3,3,3,2,'Medium'),(609,3,1,4,2,3,2,3,3,2,2,'Low'),(610,3,2,2,1,1,1,1,1,4,2,'Low'),(611,1,2,2,3,2,4,2,3,2,1,'Low'),(612,6,8,7,7,6,7,7,3,8,7,'High'),(613,5,6,6,5,6,5,6,5,8,5,'Medium'),(614,2,1,2,1,2,1,2,3,2,4,'Low'),(615,3,2,3,2,3,2,3,2,3,2,'Low'),(616,4,5,6,5,5,4,6,7,2,3,'High'),(617,3,1,5,3,4,2,2,2,2,4,'Medium'),(618,5,2,3,1,2,3,5,2,2,5,'Low'),(619,3,2,1,3,2,1,3,2,1,2,'Low'),(620,6,8,7,7,7,6,7,7,8,7,'High'),(621,6,7,7,7,6,7,7,7,7,7,'High'),(622,2,3,1,3,2,5,2,1,2,1,'Low'),(623,4,2,3,4,2,3,2,4,2,4,'Low'),(624,6,7,7,7,7,6,7,7,7,7,'High'),(625,6,7,7,7,7,7,6,7,7,7,'High'),(626,3,2,1,2,3,5,1,2,7,2,'Low'),(627,6,7,7,7,6,7,7,7,7,7,'High'),(628,6,7,7,7,7,6,7,7,7,8,'High'),(629,2,4,5,6,5,5,4,6,5,4,'Medium'),(630,6,7,7,7,7,7,6,7,7,7,'High'),(631,2,3,2,1,3,2,1,2,7,6,'Low'),(632,6,8,7,7,6,7,7,3,8,7,'High'),(633,6,7,7,7,7,6,7,7,7,8,'High'),(634,2,3,5,2,1,1,1,1,4,3,'Low'),(635,4,5,6,5,5,4,6,7,2,3,'High'),(636,3,2,2,1,1,1,1,1,4,2,'Low'),(637,3,2,1,3,2,4,5,1,6,2,'Low'),(638,6,8,7,7,7,6,7,7,8,7,'High'),(639,2,1,2,1,2,1,2,3,2,4,'Low'),(640,2,3,4,2,1,1,2,4,3,2,'Low'),(641,6,7,7,7,7,6,7,7,7,7,'High'),(642,6,8,7,7,7,6,7,7,7,8,'High'),(643,3,1,1,1,2,3,4,1,3,2,'Low'),(644,5,2,3,1,2,3,5,2,2,5,'Low'),(645,3,1,1,1,2,3,4,1,3,2,'Low'),(646,4,5,6,5,5,4,6,7,2,3,'High'),(647,1,2,3,4,2,4,3,3,3,2,'Medium'),(648,2,3,1,3,2,5,2,1,2,1,'Low'),(649,6,8,7,7,7,6,2,4,1,2,'Medium'),(650,6,8,7,7,7,6,7,7,8,7,'High'),(651,6,8,7,7,7,6,2,4,1,2,'Medium'),(652,2,1,5,3,2,3,2,4,1,4,'Medium'),(653,6,8,7,7,7,6,2,4,1,2,'Medium'),(654,3,2,1,2,3,5,1,2,7,2,'Low'),(655,2,1,5,3,2,3,2,4,1,4,'Medium'),(656,3,2,4,2,3,2,3,3,2,2,'Medium'),(657,6,5,6,5,5,4,6,7,2,3,'High'),(658,1,2,3,4,4,3,2,1,3,2,'Low'),(659,3,2,4,2,3,2,3,3,2,2,'Medium'),(660,8,8,7,7,7,6,7,7,8,7,'High'),(661,6,7,7,7,7,6,7,7,4,8,'High'),(662,2,3,2,1,3,2,1,2,7,6,'Low'),(663,1,6,7,8,7,6,7,7,3,4,'Medium'),(664,7,7,7,7,7,6,7,7,7,7,'High'),(665,1,6,7,5,3,2,6,2,3,3,'Medium'),(666,2,3,5,2,1,1,1,1,4,3,'Low'),(667,6,8,7,7,7,6,7,7,7,8,'High'),(668,7,7,7,7,6,7,7,7,7,7,'High'),(669,2,6,2,3,6,6,6,4,6,8,'High'),(670,3,2,1,3,2,4,5,1,6,2,'Low'),(671,1,6,7,5,3,2,6,2,3,3,'Medium'),(672,6,7,7,7,7,7,6,7,7,7,'High'),(673,2,4,5,6,5,5,4,6,7,7,'High'),(674,2,3,4,2,1,1,2,4,3,2,'Low'),(675,1,2,3,4,2,4,3,3,3,2,'Medium'),(676,6,7,7,7,7,6,7,7,7,8,'High'),(677,3,1,1,1,2,3,4,1,3,2,'Low'),(678,6,8,7,7,7,6,2,4,1,2,'Medium'),(679,6,8,7,7,7,6,7,7,7,8,'High'),(680,1,2,3,4,2,4,3,3,3,2,'Medium'),(681,4,5,6,5,5,4,6,7,2,3,'High'),(682,1,6,7,8,7,6,7,7,3,4,'Medium'),(683,6,8,7,7,7,6,2,4,1,2,'Medium'),(684,6,8,7,7,7,6,7,7,8,7,'High'),(685,2,4,5,4,3,2,2,4,3,2,'Low'),(686,2,1,5,3,2,3,2,4,1,4,'Medium'),(687,6,5,6,5,5,4,6,7,2,3,'High'),(688,3,1,4,3,2,3,4,3,1,4,'Low'),(689,2,1,5,3,2,3,2,4,1,4,'Medium'),(690,3,2,4,2,3,2,3,3,2,2,'Medium'),(691,1,2,3,4,2,4,3,3,3,2,'Medium'),(692,3,2,4,2,3,2,3,3,2,2,'Medium'),(693,1,6,7,8,7,6,7,7,3,4,'Medium'),(694,6,8,7,7,7,6,2,4,1,2,'Medium'),(695,3,1,4,2,3,2,3,3,2,2,'Low'),(696,2,1,3,4,3,5,3,2,6,1,'Low'),(697,2,1,5,3,2,3,2,4,1,4,'Medium'),(698,6,7,8,7,6,7,7,2,4,3,'Low'),(699,1,6,7,5,3,2,6,2,3,3,'Medium'),(700,4,5,6,6,5,4,6,6,6,6,'Medium'),(701,3,2,4,2,3,2,3,3,2,2,'Medium'),(702,2,3,6,7,7,7,7,2,4,3,'Low'),(703,6,8,7,7,7,6,2,4,1,2,'Medium'),(704,1,2,3,4,2,4,3,3,3,2,'Medium'),(705,1,6,7,8,7,6,7,7,3,4,'Medium'),(706,1,2,4,5,6,5,5,4,6,4,'Low'),(707,8,8,7,7,7,6,7,7,8,7,'High'),(708,6,8,7,7,7,6,2,4,1,2,'Medium'),(709,1,6,7,5,3,2,6,2,3,3,'Medium'),(710,3,1,4,3,2,3,4,3,1,4,'Low'),(711,6,7,7,7,7,6,7,7,4,8,'High'),(712,2,1,5,3,2,3,2,4,1,4,'Medium'),(713,2,3,1,4,3,2,3,4,3,1,'Low'),(714,1,2,3,4,2,4,3,3,3,2,'Medium'),(715,3,2,4,2,3,2,3,3,2,2,'Medium'),(716,7,7,7,7,6,7,7,7,7,7,'High'),(717,6,8,7,7,7,6,2,4,1,2,'Medium'),(718,6,8,7,7,7,6,2,4,1,2,'Medium'),(719,4,5,6,5,5,4,6,7,2,3,'High'),(720,4,2,3,2,1,2,3,2,1,5,'Low'),(721,6,8,7,7,7,6,2,4,1,2,'Medium'),(722,2,4,5,4,3,2,2,4,3,2,'Low'),(723,1,2,3,4,4,3,2,1,3,2,'Low'),(724,2,1,5,3,2,3,2,4,1,4,'Medium'),(725,3,1,4,3,2,3,4,3,1,4,'Low'),(726,2,1,3,4,3,5,3,2,6,1,'Low'),(727,3,2,4,2,3,2,3,3,2,2,'Medium'),(728,4,5,6,5,6,5,5,5,6,6,'Medium'),(729,2,1,2,3,4,3,2,1,1,1,'Low'),(730,2,3,4,2,4,3,3,3,2,3,'Medium'),(731,6,8,7,7,7,6,2,4,1,2,'Medium'),(732,6,7,7,7,7,6,7,7,7,8,'High'),(733,1,3,2,4,2,6,2,2,2,1,'Low'),(734,7,7,7,7,7,6,7,7,7,7,'High'),(735,6,8,7,7,7,6,7,7,7,8,'High'),(736,8,8,7,7,7,6,7,7,8,7,'High'),(737,4,5,6,6,5,4,6,6,6,6,'Medium'),(738,1,2,3,4,2,4,3,3,3,2,'Medium'),(739,7,7,7,7,6,7,7,7,7,7,'High'),(740,2,1,5,3,2,3,2,4,1,4,'Medium'),(741,6,8,7,7,7,6,2,4,1,2,'Medium'),(742,1,2,2,3,2,4,2,3,2,1,'Low'),(743,4,5,6,5,5,4,6,7,2,3,'High'),(744,3,1,4,2,3,2,3,3,2,2,'Low'),(745,6,7,7,7,7,6,7,7,7,8,'High'),(746,3,2,3,2,3,2,3,2,3,2,'Low'),(747,2,4,5,4,3,2,2,4,3,2,'Low'),(748,5,6,6,5,6,5,6,5,8,5,'Medium'),(749,3,2,1,3,2,1,3,2,1,2,'Low'),(750,3,1,4,3,2,3,4,3,1,4,'Low'),(751,3,1,5,3,4,2,2,2,2,4,'Medium'),(752,6,8,7,7,7,6,7,7,7,8,'High'),(753,4,5,6,5,6,5,5,5,6,6,'Medium'),(754,6,7,7,7,6,7,7,7,7,7,'High'),(755,6,7,7,7,7,6,7,7,4,8,'High'),(756,2,3,4,2,4,3,3,3,2,3,'Medium'),(757,6,7,7,7,7,7,6,7,7,7,'High'),(758,6,8,7,7,6,7,7,3,8,7,'High'),(759,6,7,7,7,7,6,7,7,7,8,'High'),(760,2,4,5,6,5,5,4,6,5,4,'Medium'),(761,6,8,7,7,6,7,7,3,8,7,'High'),(762,6,8,7,7,6,7,7,3,8,7,'High'),(763,6,8,7,7,7,6,7,7,7,8,'High'),(764,4,5,6,5,5,4,6,7,2,3,'High'),(765,4,5,6,5,5,4,6,7,2,3,'High'),(766,4,5,6,6,5,4,6,6,6,6,'Medium'),(767,6,8,7,7,7,6,7,7,8,7,'High'),(768,7,7,7,7,6,7,7,7,7,7,'High'),(769,6,7,7,7,7,6,7,7,7,7,'High'),(770,3,1,4,2,3,2,3,3,2,2,'Low'),(771,6,7,7,7,6,7,7,7,7,7,'High'),(772,5,6,6,5,6,5,6,5,8,5,'Medium'),(773,6,8,7,7,7,6,7,7,8,7,'High'),(774,6,7,7,7,7,7,6,7,7,7,'High'),(775,3,1,5,3,4,2,2,2,2,4,'Medium'),(776,6,7,7,7,7,6,7,7,7,7,'High'),(777,6,7,7,7,7,6,7,7,7,8,'High'),(778,6,7,7,7,6,7,7,7,7,7,'High'),(779,6,8,7,7,7,6,7,7,7,8,'High'),(780,3,2,4,2,3,2,3,3,2,2,'Medium'),(781,6,7,7,7,7,7,6,7,7,7,'High'),(782,4,5,6,5,5,4,6,7,2,3,'High'),(783,6,8,7,7,7,6,2,4,1,2,'Medium'),(784,2,4,5,6,5,5,4,6,5,4,'Medium'),(785,6,8,7,7,7,6,7,7,8,7,'High'),(786,6,8,7,7,6,7,7,3,8,7,'High'),(787,4,5,6,5,5,4,6,7,2,3,'High'),(788,4,5,6,5,5,4,6,7,2,3,'High'),(789,6,8,7,7,7,6,7,7,8,7,'High'),(790,6,7,7,7,7,6,7,7,7,7,'High'),(791,6,5,6,5,5,4,6,7,2,3,'High'),(792,6,7,7,7,7,7,6,7,7,7,'High'),(793,8,8,7,7,7,6,7,7,8,7,'High'),(794,6,8,7,7,7,6,2,4,1,2,'Medium'),(795,7,7,7,7,7,6,7,7,7,7,'High'),(796,2,1,5,3,2,3,2,4,1,4,'Medium'),(797,7,7,7,7,6,7,7,7,7,7,'High'),(798,3,2,4,2,3,2,3,3,2,2,'Medium'),(799,6,7,7,7,7,7,6,7,7,7,'High'),(800,6,7,7,7,7,6,7,7,4,8,'High'),(801,6,7,7,7,7,6,7,7,7,8,'High'),(802,1,6,7,5,3,2,6,2,3,3,'Medium'),(803,6,8,7,7,7,6,7,7,7,8,'High'),(804,2,6,2,3,6,6,6,4,6,8,'High'),(805,4,5,6,5,5,4,6,7,2,3,'High'),(806,2,4,5,6,5,5,4,6,7,7,'High'),(807,6,8,7,7,7,6,7,7,8,7,'High'),(808,1,6,7,8,7,6,7,7,3,4,'Medium'),(809,6,5,6,5,5,4,6,7,2,3,'High'),(810,2,4,5,4,3,2,2,4,3,2,'Low'),(811,3,1,4,2,3,2,3,3,2,2,'Low'),(812,3,1,4,3,2,3,4,3,1,4,'Low'),(813,6,8,7,7,7,6,7,7,8,7,'High'),(814,6,7,7,7,7,6,7,7,7,8,'High'),(815,8,8,7,7,7,6,7,7,8,7,'High'),(816,3,1,4,2,3,2,3,3,2,2,'Low'),(817,7,7,7,7,6,7,7,7,7,7,'High'),(818,6,7,8,7,6,7,7,2,4,3,'Low'),(819,4,5,6,5,5,4,6,7,2,3,'High'),(820,2,3,6,7,7,7,7,2,4,3,'Low'),(821,2,4,5,4,3,2,2,4,3,2,'Low'),(822,1,2,4,5,6,5,5,4,6,4,'Low'),(823,3,1,4,3,2,3,4,3,1,4,'Low'),(824,3,1,4,3,2,3,4,3,1,4,'Low'),(825,4,5,6,5,6,5,5,5,6,6,'Medium'),(826,2,3,1,4,3,2,3,4,3,1,'Low'),(827,4,2,3,2,1,2,3,2,1,5,'Low'),(828,1,2,3,4,4,3,2,1,3,2,'Low'),(829,2,1,3,4,3,5,3,2,6,1,'Low'),(830,2,3,4,2,4,3,3,3,2,3,'Medium'),(831,2,1,2,3,4,3,2,1,1,1,'Low'),(832,6,7,7,7,7,6,7,7,7,8,'High'),(833,6,8,7,7,7,6,7,7,7,8,'High'),(834,6,8,7,7,7,6,7,7,7,8,'High'),(835,1,3,2,4,2,6,2,2,2,1,'Low'),(836,4,5,6,6,5,4,6,6,6,6,'Medium'),(837,1,2,2,3,2,4,2,3,2,1,'Low'),(838,6,7,7,7,7,6,7,7,7,7,'High'),(839,3,2,3,2,3,2,3,2,3,2,'Low'),(840,3,1,4,2,3,2,3,3,2,2,'Low'),(841,3,2,1,3,2,1,3,2,1,2,'Low'),(842,5,6,6,5,6,5,6,5,8,5,'Medium'),(843,4,2,3,4,2,3,2,4,2,4,'Low'),(844,3,1,5,3,4,2,2,2,2,4,'Medium'),(845,3,2,2,1,1,1,1,1,4,2,'Low'),(846,6,7,7,7,6,7,7,7,7,7,'High'),(847,2,1,2,1,2,1,2,3,2,4,'Low'),(848,6,7,7,7,7,7,6,7,7,7,'High'),(849,5,2,3,1,2,3,5,2,2,5,'Low'),(850,2,4,5,6,5,5,4,6,5,4,'Medium'),(851,2,3,1,3,2,5,2,1,2,1,'Low'),(852,6,8,7,7,6,7,7,3,8,7,'High'),(853,3,2,1,2,3,5,1,2,7,2,'Low'),(854,4,5,6,5,5,4,6,7,2,3,'High'),(855,4,5,6,5,5,4,6,7,2,3,'High'),(856,6,8,7,7,7,6,7,7,8,7,'High'),(857,2,3,2,1,3,2,1,2,7,6,'Low'),(858,6,7,7,7,7,6,7,7,7,7,'High'),(859,2,3,5,2,1,1,1,1,4,3,'Low'),(860,6,7,7,7,6,7,7,7,7,7,'High'),(861,3,2,1,3,2,4,5,1,6,2,'Low'),(862,2,3,4,2,1,1,2,4,3,2,'Low'),(863,3,1,1,1,2,3,4,1,3,2,'Low'),(864,6,8,7,7,7,6,2,4,1,2,'Medium'),(865,1,2,3,4,2,4,3,3,3,2,'Medium'),(866,6,8,7,7,7,6,2,4,1,2,'Medium'),(867,2,1,5,3,2,3,2,4,1,4,'Medium'),(868,2,1,5,3,2,3,2,4,1,4,'Medium'),(869,3,2,4,2,3,2,3,3,2,2,'Medium'),(870,3,2,4,2,3,2,3,3,2,2,'Medium'),(871,6,7,7,7,7,6,7,7,4,8,'High'),(872,1,6,7,8,7,6,7,7,3,4,'Medium'),(873,1,6,7,5,3,2,6,2,3,3,'Medium'),(874,6,8,7,7,7,6,7,7,8,7,'High'),(875,2,6,2,3,6,6,6,4,6,8,'High'),(876,1,6,7,5,3,2,6,2,3,3,'Medium'),(877,2,4,5,6,5,5,4,6,7,7,'High'),(878,1,2,3,4,2,4,3,3,3,2,'Medium'),(879,1,6,7,8,7,6,7,7,3,4,'Medium'),(880,6,8,7,7,7,6,2,4,1,2,'Medium'),(881,2,4,5,4,3,2,2,4,3,2,'Low'),(882,2,1,5,3,2,3,2,4,1,4,'Medium'),(883,3,1,4,3,2,3,4,3,1,4,'Low'),(884,3,2,4,2,3,2,3,3,2,2,'Medium'),(885,6,7,7,7,7,7,6,7,7,7,'High'),(886,6,8,7,7,7,6,2,4,1,2,'Medium'),(887,3,1,4,2,3,2,3,3,2,2,'Low'),(888,2,1,5,3,2,3,2,4,1,4,'Medium'),(889,6,7,8,7,6,7,7,2,4,3,'Low'),(890,3,2,4,2,3,2,3,3,2,2,'Medium'),(891,2,3,6,7,7,7,7,2,4,3,'Low'),(892,1,6,7,8,7,6,7,7,3,4,'Medium'),(893,1,6,7,5,3,2,6,2,3,3,'Medium'),(894,6,5,6,5,5,4,6,7,2,3,'High'),(895,1,2,4,5,6,5,5,4,6,4,'Low'),(896,1,2,3,4,2,4,3,3,3,2,'Medium'),(897,6,8,7,7,7,6,2,4,1,2,'Medium'),(898,3,1,4,3,2,3,4,3,1,4,'Low'),(899,6,8,7,7,7,6,2,4,1,2,'Medium'),(900,2,3,1,4,3,2,3,4,3,1,'Low'),(901,2,1,5,3,2,3,2,4,1,4,'Medium'),(902,4,2,3,2,1,2,3,2,1,5,'Low'),(903,3,2,4,2,3,2,3,3,2,2,'Medium'),(904,1,2,3,4,4,3,2,1,3,2,'Low'),(905,1,2,3,4,2,4,3,3,3,2,'Medium'),(906,2,1,3,4,3,5,3,2,6,1,'Low'),(907,6,8,7,7,7,6,2,4,1,2,'Medium'),(908,2,1,2,3,4,3,2,1,1,1,'Low'),(909,6,7,7,7,7,6,7,7,7,8,'High'),(910,6,7,7,7,7,6,7,7,7,8,'High'),(911,2,4,5,4,3,2,2,4,3,2,'Low'),(912,1,3,2,4,2,6,2,2,2,1,'Low'),(913,3,1,4,3,2,3,4,3,1,4,'Low'),(914,1,2,2,3,2,4,2,3,2,1,'Low'),(915,8,8,7,7,7,6,7,7,8,7,'High'),(916,3,2,3,2,3,2,3,2,3,2,'Low'),(917,3,1,4,2,3,2,3,3,2,2,'Low'),(918,3,2,1,3,2,1,3,2,1,2,'Low'),(919,4,5,6,5,5,4,6,7,2,3,'High'),(920,4,2,3,4,2,3,2,4,2,4,'Low'),(921,6,8,7,7,7,6,7,7,8,7,'High'),(922,3,2,2,1,1,1,1,1,4,2,'Low'),(923,6,7,7,7,7,6,7,7,7,7,'High'),(924,2,1,2,1,2,1,2,3,2,4,'Low'),(925,3,2,4,2,3,2,3,3,2,2,'Medium'),(926,1,2,3,4,2,4,3,3,3,2,'Medium'),(927,6,7,7,7,7,6,7,7,7,8,'High'),(928,5,2,3,1,2,3,5,2,2,5,'Low'),(929,6,8,7,7,7,6,7,7,7,8,'High'),(930,2,3,1,3,2,5,2,1,2,1,'Low'),(931,4,5,6,5,5,4,6,7,2,3,'High'),(932,3,2,1,2,3,5,1,2,7,2,'Low'),(933,6,8,7,7,7,6,7,7,8,7,'High'),(934,6,8,7,7,7,6,7,7,7,8,'High'),(935,7,7,7,7,6,7,7,7,7,7,'High'),(936,2,3,2,1,3,2,1,2,7,6,'Low'),(937,6,5,6,5,5,4,6,7,2,3,'High'),(938,2,3,5,2,1,1,1,1,4,3,'Low'),(939,8,8,7,7,7,6,7,7,8,7,'High'),(940,3,2,1,3,2,4,5,1,6,2,'Low'),(941,7,7,7,7,7,6,7,7,7,7,'High'),(942,2,3,4,2,1,1,2,4,3,2,'Low'),(943,7,7,7,7,6,7,7,7,7,7,'High'),(944,3,1,1,1,2,3,4,1,3,2,'Low'),(945,6,7,7,7,7,7,6,7,7,7,'High'),(946,1,2,3,4,2,4,3,3,3,2,'Medium'),(947,6,7,7,7,7,6,7,7,7,8,'High'),(948,6,8,7,7,7,6,2,4,1,2,'Medium'),(949,6,8,7,7,7,6,7,7,7,8,'High'),(950,2,1,5,3,2,3,2,4,1,4,'Medium'),(951,4,5,6,5,5,4,6,7,2,3,'High'),(952,6,8,7,7,7,6,7,7,8,7,'High'),(953,6,5,6,5,5,4,6,7,2,3,'High'),(954,3,2,4,2,3,2,3,3,2,2,'Medium'),(955,1,6,7,8,7,6,7,7,3,4,'Medium'),(956,4,5,6,5,5,4,6,7,2,3,'High'),(957,1,6,7,5,3,2,6,2,3,3,'Medium'),(958,1,2,3,4,2,4,3,3,3,2,'Medium'),(959,6,8,7,7,7,6,2,4,1,2,'Medium'),(960,2,1,5,3,2,3,2,4,1,4,'Medium'),(961,3,2,4,2,3,2,3,3,2,2,'Medium'),(962,6,8,7,7,7,6,2,4,1,2,'Medium'),(963,2,1,5,3,2,3,2,4,1,4,'Medium'),(964,3,2,4,2,3,2,3,3,2,2,'Medium'),(965,1,6,7,8,7,6,7,7,3,4,'Medium'),(966,1,6,7,5,3,2,6,2,3,3,'Medium'),(967,6,8,7,7,7,6,7,7,8,7,'High'),(968,1,2,3,4,2,4,3,3,3,2,'Medium'),(969,6,8,7,7,7,6,2,4,1,2,'Medium'),(970,6,8,7,7,7,6,2,4,1,2,'Medium'),(971,2,1,5,3,2,3,2,4,1,4,'Medium'),(972,3,2,4,2,3,2,3,3,2,2,'Medium'),(973,1,2,3,4,2,4,3,3,3,2,'Medium'),(974,6,8,7,7,7,6,2,4,1,2,'Medium'),(975,6,7,7,7,7,6,7,7,7,8,'High'),(976,6,8,7,7,7,6,7,7,7,8,'High'),(977,6,7,7,7,7,6,7,7,4,8,'High'),(978,6,5,6,5,5,4,6,7,2,3,'High'),(979,6,8,7,7,6,7,7,3,8,7,'High'),(980,4,5,6,5,5,4,6,7,2,3,'High'),(981,6,8,7,7,7,6,7,7,8,7,'High'),(982,6,7,7,7,7,6,7,7,7,7,'High'),(983,6,7,7,7,6,7,7,7,7,7,'High'),(984,6,7,7,7,7,7,6,7,7,7,'High'),(985,6,7,7,7,7,6,7,7,7,8,'High'),(986,6,8,7,7,7,6,7,7,7,8,'High'),(987,4,5,6,5,5,4,6,7,2,3,'High'),(988,6,8,7,7,7,6,7,7,8,7,'High'),(989,8,8,7,7,7,6,7,7,8,7,'High'),(990,6,5,6,5,5,4,6,7,2,3,'High'),(991,8,8,7,7,7,6,7,7,8,7,'High'),(992,7,7,7,7,7,6,7,7,7,7,'High'),(993,7,7,7,7,6,7,7,7,7,7,'High'),(994,6,7,7,7,7,7,6,7,7,7,'High'),(995,6,7,7,7,7,6,7,7,7,8,'High'),(996,6,8,7,7,7,6,7,7,7,8,'High'),(997,4,5,6,5,5,4,6,7,2,3,'High'),(998,6,8,7,7,7,6,7,7,8,7,'High'),(999,6,5,6,5,5,4,6,7,2,3,'High'),(1000,5,6,6,5,6,5,6,5,8,5,'Medium');
/*!40000 ALTER TABLE `factors` ENABLE KEYS */;
UNLOCK TABLES;

--
-- Table structure for table `patient`
--

DROP TABLE IF EXISTS `patient`;
/*!40101 SET @saved_cs_client     = @@character_set_client */;
/*!50503 SET character_set_client = utf8mb4 */;
CREATE TABLE `patient` (
  `patient id` int NOT NULL AUTO_INCREMENT,
  `Age` int DEFAULT NULL,
  `Gender` int DEFAULT NULL,
  PRIMARY KEY (`patient id`),
  UNIQUE KEY `patient id_UNIQUE` (`patient id`)
) ENGINE=InnoDB AUTO_INCREMENT=1001 DEFAULT CHARSET=utf8mb4 COLLATE=utf8mb4_0900_ai_ci;
/*!40101 SET character_set_client = @saved_cs_client */;

--
-- Dumping data for table `patient`
--

LOCK TABLES `patient` WRITE;
/*!40000 ALTER TABLE `patient` DISABLE KEYS */;
INSERT INTO `patient` VALUES (1,33,1),(2,44,1),(3,33,1),(4,17,1),(5,45,1),(6,35,1),(7,27,2),(8,53,1),(9,37,1),(10,35,2),(11,46,1),(12,46,1),(13,35,1),(14,27,1),(15,52,2),(16,26,1),(17,45,2),(18,37,1),(19,28,2),(20,28,1),(21,35,2),(22,27,1),(23,19,1),(24,46,1),(25,26,1),(26,29,2),(27,48,1),(28,17,2),(29,39,2),(30,22,2),(31,28,1),(32,42,1),(33,49,1),(34,49,1),(35,37,1),(36,26,2),(37,37,1),(38,37,2),(39,26,2),(40,33,1),(41,44,1),(42,44,1),(43,37,2),(44,37,2),(45,25,2),(46,64,2),(47,33,1),(48,39,2),(49,44,1),(50,34,1),(51,37,2),(52,27,2),(53,73,1),(54,35,1),(55,25,2),(56,17,1),(57,35,1),(58,18,2),(59,34,1),(60,24,2),(61,47,1),(62,36,1),(63,38,2),(64,14,1),(65,24,1),(66,18,2),(67,18,2),(68,47,1),(69,23,2),(70,35,1),(71,24,2),(72,32,1),(73,53,2),(74,35,2),(75,26,2),(76,62,1),(77,38,2),(78,37,1),(79,29,2),(80,47,2),(81,36,1),(82,52,1),(83,65,1),(84,23,1),(85,38,2),(86,44,1),(87,19,1),(88,38,1),(89,33,1),(90,62,1),(91,61,1),(92,35,1),(93,28,2),(94,55,1),(95,33,1),(96,35,2),(97,45,2),(98,25,2),(99,42,1),(100,38,2),(101,35,1),(102,32,2),(103,44,1),(104,27,1),(105,45,1),(106,33,1),(107,33,1),(108,25,2),(109,48,1),(110,14,1),(111,48,2),(112,64,1),(113,27,2),(114,32,1),(115,39,1),(116,28,1),(117,44,1),(118,45,2),(119,32,1),(120,62,1),(121,27,2),(122,45,2),(123,38,2),(124,73,1),(125,27,2),(126,33,1),(127,17,1),(128,26,2),(129,22,1),(130,34,1),(131,48,1),(132,35,1),(133,36,1),(134,17,2),(135,23,1),(136,14,1),(137,22,1),(138,48,2),(139,24,1),(140,42,1),(141,46,2),(142,53,2),(143,24,1),(144,46,2),(145,62,1),(146,35,1),(147,52,2),(148,29,2),(149,24,2),(150,52,1),(151,27,1),(152,38,2),(153,48,2),(154,65,1),(155,36,2),(156,18,2),(157,31,2),(158,23,2),(159,24,2),(160,38,2),(161,35,2),(162,35,1),(163,38,2),(164,38,2),(165,47,2),(166,19,1),(167,52,2),(168,33,1),(169,53,2),(170,28,2),(171,44,2),(172,35,2),(173,42,1),(174,38,2),(175,32,2),(176,62,2),(177,33,1),(178,61,2),(179,25,2),(180,55,1),(181,26,1),(182,45,2),(183,27,2),(184,38,1),(185,28,1),(186,44,1),(187,32,1),(188,45,2),(189,45,2),(190,33,2),(191,44,1),(192,27,1),(193,62,1),(194,33,1),(195,26,1),(196,32,2),(197,48,1),(198,44,1),(199,17,2),(200,45,1),(201,62,1),(202,22,2),(203,52,2),(204,38,2),(205,42,1),(206,53,1),(207,33,1),(208,48,1),(209,35,2),(210,22,1),(211,35,1),(212,46,1),(213,35,1),(214,24,2),(215,27,1),(216,23,1),(217,38,2),(218,26,1),(219,48,1),(220,18,2),(221,46,2),(222,23,2),(223,29,2),(224,24,2),(225,52,2),(226,37,1),(227,35,2),(228,52,1),(229,28,1),(230,38,2),(231,48,2),(232,47,2),(233,52,1),(234,19,1),(235,17,2),(236,29,2),(237,44,1),(238,39,2),(239,38,1),(240,52,1),(241,62,1),(242,49,1),(243,61,1),(244,37,1),(245,55,1),(246,26,2),(247,45,2),(248,37,2),(249,38,2),(250,33,1),(251,36,2),(252,44,1),(253,31,2),(254,37,2),(255,38,2),(256,25,2),(257,35,1),(258,18,2),(259,44,1),(260,47,1),(261,33,1),(262,39,1),(263,48,2),(264,44,1),(265,26,2),(266,45,1),(267,45,1),(268,37,1),(269,65,1),(270,33,1),(271,35,1),(272,53,1),(273,22,2),(274,33,1),(275,35,2),(276,32,1),(277,25,2),(278,44,1),(279,35,1),(280,62,1),(281,27,1),(282,38,2),(283,48,1),(284,33,1),(285,64,1),(286,22,1),(287,39,1),(288,35,1),(289,46,2),(290,36,2),(291,27,1),(292,27,2),(293,23,1),(294,73,1),(295,26,1),(296,17,1),(297,37,1),(298,28,1),(299,34,1),(300,19,1),(301,36,1),(302,29,2),(303,14,1),(304,24,1),(305,39,2),(306,53,2),(307,38,2),(308,62,1),(309,49,1),(310,29,2),(311,37,1),(312,48,2),(313,26,2),(314,46,2),(315,37,2),(316,33,1),(317,42,1),(318,31,2),(319,44,1),(320,52,2),(321,65,1),(322,37,2),(323,52,1),(324,38,2),(325,25,2),(326,48,2),(327,19,1),(328,18,2),(329,36,2),(330,47,1),(331,31,2),(332,33,1),(333,38,2),(334,25,2),(335,19,1),(336,35,1),(337,26,2),(338,44,1),(339,28,2),(340,37,1),(341,33,1),(342,35,2),(343,35,2),(344,45,1),(345,42,1),(346,33,1),(347,35,1),(348,32,2),(349,25,2),(350,33,1),(351,53,1),(352,25,2),(353,35,2),(354,35,2),(355,38,2),(356,46,1),(357,27,2),(358,27,2),(359,27,1),(360,48,1),(361,28,1),(362,64,1),(363,32,1),(364,39,1),(365,45,2),(366,33,1),(367,27,1),(368,27,2),(369,26,1),(370,73,1),(371,48,1),(372,17,1),(373,17,2),(374,34,1),(375,36,1),(376,26,1),(377,14,1),(378,37,1),(379,24,1),(380,22,2),(381,28,1),(382,53,2),(383,42,1),(384,19,1),(385,62,1),(386,35,1),(387,29,2),(388,29,2),(389,39,2),(390,28,2),(391,35,1),(392,24,2),(393,65,1),(394,24,2),(395,49,1),(396,38,2),(397,38,2),(398,37,1),(399,19,1),(400,18,2),(401,26,2),(402,33,1),(403,23,2),(404,37,2),(405,28,2),(406,24,2),(407,33,1),(408,35,2),(409,35,2),(410,44,1),(411,42,1),(412,38,2),(413,37,2),(414,32,2),(415,25,2),(416,33,1),(417,18,2),(418,47,2),(419,25,2),(420,47,1),(421,52,1),(422,35,2),(423,27,1),(424,44,1),(425,27,2),(426,38,2),(427,44,1),(428,28,1),(429,26,2),(430,38,1),(431,37,1),(432,62,1),(433,35,1),(434,61,1),(435,33,1),(436,55,1),(437,25,2),(438,45,2),(439,35,1),(440,38,2),(441,27,1),(442,44,1),(443,48,1),(444,45,1),(445,64,1),(446,33,1),(447,39,1),(448,32,1),(449,18,2),(450,27,2),(451,45,2),(452,33,1),(453,27,1),(454,32,1),(455,26,1),(456,44,1),(457,48,1),(458,62,1),(459,17,2),(460,38,2),(461,22,2),(462,33,1),(463,42,1),(464,22,1),(465,73,1),(466,42,1),(467,35,1),(468,17,1),(469,35,1),(470,23,1),(471,34,1),(472,24,2),(473,36,1),(474,38,2),(475,48,2),(476,14,1),(477,18,2),(478,24,1),(479,23,2),(480,53,2),(481,24,2),(482,62,1),(483,35,2),(484,29,2),(485,38,2),(486,23,2),(487,47,2),(488,46,2),(489,65,1),(490,52,1),(491,45,1),(492,38,2),(493,32,2),(494,52,2),(495,19,1),(496,52,1),(497,33,1),(498,48,2),(499,28,2),(500,36,2),(501,44,1),(502,35,2),(503,31,2),(504,38,1),(505,42,1),(506,38,2),(507,62,1),(508,32,2),(509,35,1),(510,61,1),(511,33,1),(512,44,1),(513,55,1),(514,25,2),(515,33,1),(516,45,2),(517,24,2),(518,45,1),(519,38,2),(520,27,2),(521,53,1),(522,44,1),(523,28,1),(524,53,1),(525,45,1),(526,32,1),(527,35,2),(528,33,1),(529,45,1),(530,46,1),(531,27,1),(532,33,1),(533,26,1),(534,32,1),(535,48,1),(536,44,1),(537,17,2),(538,62,1),(539,38,2),(540,22,2),(541,27,1),(542,33,1),(543,42,1),(544,26,1),(545,22,1),(546,35,2),(547,37,1),(548,35,1),(549,35,1),(550,28,1),(551,23,1),(552,24,2),(553,19,1),(554,48,2),(555,25,2),(556,29,2),(557,46,2),(558,38,2),(559,39,2),(560,25,2),(561,43,2),(562,35,2),(563,44,2),(564,49,1),(565,55,2),(566,37,1),(567,38,2),(568,26,2),(569,52,2),(570,47,2),(571,37,2),(572,52,1),(573,52,1),(574,33,1),(575,48,2),(576,38,2),(577,36,2),(578,44,1),(579,31,2),(580,44,1),(581,38,1),(582,38,2),(583,37,2),(584,62,1),(585,35,1),(586,25,2),(587,61,1),(588,18,2),(589,55,1),(590,47,1),(591,45,2),(592,27,2),(593,38,2),(594,46,1),(595,26,2),(596,37,1),(597,35,1),(598,33,1),(599,25,2),(600,35,1),(601,27,1),(602,48,1),(603,64,1),(604,39,1),(605,27,1),(606,27,2),(607,73,1),(608,17,1),(609,34,1),(610,36,1),(611,14,1),(612,24,1),(613,53,2),(614,62,1),(615,29,2),(616,26,1),(617,65,1),(618,38,2),(619,19,1),(620,33,1),(621,28,2),(622,35,2),(623,42,1),(624,32,2),(625,33,1),(626,25,2),(627,37,1),(628,27,2),(629,28,1),(630,32,1),(631,45,2),(632,27,1),(633,26,1),(634,48,1),(635,17,2),(636,22,2),(637,42,1),(638,28,1),(639,35,1),(640,24,2),(641,38,2),(642,18,2),(643,23,2),(644,44,1),(645,24,2),(646,45,1),(647,35,2),(648,33,1),(649,38,2),(650,47,2),(651,47,2),(652,32,2),(653,52,1),(654,44,1),(655,19,1),(656,62,1),(657,44,1),(658,48,2),(659,38,1),(660,33,1),(661,62,1),(662,32,1),(663,61,1),(664,55,1),(665,45,2),(666,38,2),(667,44,1),(668,35,1),(669,45,1),(670,23,1),(671,48,2),(672,46,2),(673,33,1),(674,52,1),(675,29,2),(676,52,2),(677,32,1),(678,52,1),(679,44,1),(680,48,2),(681,62,1),(682,46,2),(683,38,2),(684,51,2),(685,33,1),(686,38,1),(687,22,1),(688,45,1),(689,35,1),(690,54,1),(691,23,1),(692,33,1),(693,48,2),(694,45,1),(695,46,2),(696,44,1),(697,39,2),(698,63,1),(699,52,2),(700,45,1),(701,52,1),(702,46,1),(703,48,2),(704,37,1),(705,36,2),(706,36,1),(707,31,2),(708,37,1),(709,28,1),(710,19,1),(711,39,1),(712,39,1),(713,38,1),(714,49,1),(715,38,2),(716,37,1),(717,36,1),(718,37,1),(719,33,1),(720,44,1),(721,37,1),(722,25,1),(723,28,1),(724,47,1),(725,48,1),(726,62,1),(727,26,2),(728,37,1),(729,35,1),(730,33,1),(731,25,2),(732,35,2),(733,27,2),(734,48,2),(735,64,1),(736,39,1),(737,61,1),(738,27,2),(739,73,1),(740,17,1),(741,34,1),(742,36,1),(743,24,1),(744,24,1),(745,53,1),(746,62,1),(747,29,1),(748,55,1),(749,65,1),(750,38,1),(751,19,1),(752,33,1),(753,28,1),(754,35,1),(755,42,1),(756,32,2),(757,33,1),(758,25,2),(759,45,2),(760,27,2),(761,28,1),(762,32,1),(763,45,2),(764,27,1),(765,26,1),(766,48,1),(767,17,2),(768,22,2),(769,42,1),(770,38,2),(771,35,1),(772,24,2),(773,38,2),(774,18,2),(775,23,2),(776,24,1),(777,35,1),(778,38,2),(779,47,2),(780,52,1),(781,44,1),(782,44,1),(783,38,1),(784,62,1),(785,61,1),(786,55,1),(787,45,2),(788,38,2),(789,44,1),(790,45,1),(791,33,1),(792,45,1),(793,32,1),(794,44,1),(795,62,1),(796,38,2),(797,33,1),(798,22,1),(799,35,1),(800,23,1),(801,48,2),(802,46,2),(803,33,1),(804,52,2),(805,52,1),(806,48,2),(807,36,2),(808,31,2),(809,38,2),(810,35,1),(811,44,1),(812,33,1),(813,45,1),(814,32,1),(815,53,1),(816,35,2),(817,46,1),(818,27,1),(819,26,1),(820,37,1),(821,28,1),(822,35,1),(823,19,1),(824,44,1),(825,29,2),(826,33,1),(827,39,2),(828,45,1),(829,44,1),(830,49,1),(831,49,1),(832,53,1),(833,37,1),(834,35,2),(835,46,1),(836,27,1),(837,26,2),(838,26,1),(839,37,2),(840,37,1),(841,33,1),(842,28,1),(843,44,1),(844,19,1),(845,37,2),(846,29,2),(847,25,2),(848,39,2),(849,18,2),(850,37,1),(851,47,1),(852,49,1),(853,64,1),(854,37,1),(855,26,2),(856,62,1),(857,37,2),(858,26,2),(859,37,1),(860,35,1),(861,33,1),(862,25,2),(863,35,1),(864,33,1),(865,27,1),(866,44,1),(867,48,1),(868,37,2),(869,64,1),(870,25,2),(871,39,1),(872,18,2),(873,38,2),(874,47,1),(875,27,2),(876,73,1),(877,26,2),(878,73,1),(879,26,2),(880,17,1),(881,37,1),(882,34,1),(883,36,1),(884,35,2),(885,14,1),(886,24,1),(887,53,2),(888,62,1),(889,29,2),(890,33,1),(891,33,1),(892,65,1),(893,25,2),(894,38,2),(895,35,1),(896,19,1),(897,27,1),(898,33,1),(899,48,1),(900,28,2),(901,64,1),(902,35,2),(903,39,1),(904,42,1),(905,37,2),(906,27,2),(907,32,2),(908,73,1),(909,33,1),(910,17,1),(911,25,2),(912,34,1),(913,22,1),(914,36,1),(915,27,2),(916,14,1),(917,28,1),(918,24,1),(919,32,1),(920,53,2),(921,62,1),(922,29,2),(923,33,1),(924,65,1),(925,38,2),(926,19,1),(927,33,1),(928,28,2),(929,35,2),(930,42,1),(931,32,2),(932,33,1),(933,25,2),(934,44,1),(935,27,2),(936,28,1),(937,32,1),(938,45,2),(939,27,1),(940,26,1),(941,48,1),(942,17,2),(943,22,2),(944,42,1),(945,37,2),(946,35,1),(947,24,2),(948,38,2),(949,18,2),(950,23,2),(951,24,2),(952,35,2),(953,38,2),(954,47,2),(955,52,1),(956,25,2),(957,44,1),(958,38,1),(959,62,1),(960,61,1),(961,55,1),(962,45,2),(963,38,2),(964,44,1),(965,45,1),(966,33,1),(967,18,2),(968,32,1),(969,44,1),(970,62,1),(971,38,2),(972,33,1),(973,22,1),(974,35,1),(975,23,1),(976,48,2),(977,46,2),(978,47,1),(979,52,2),(980,52,1),(981,48,2),(982,36,2),(983,31,2),(984,38,2),(985,35,1),(986,44,1),(987,33,1),(988,45,1),(989,26,2),(990,53,1),(991,35,2),(992,46,1),(993,27,1),(994,26,1),(995,37,1),(996,28,1),(997,19,1),(998,29,2),(999,39,2),(1000,37,1);
/*!40000 ALTER TABLE `patient` ENABLE KEYS */;
UNLOCK TABLES;

--
-- Table structure for table `symptoms`
--

DROP TABLE IF EXISTS `symptoms`;
/*!40101 SET @saved_cs_client     = @@character_set_client */;
/*!50503 SET character_set_client = utf8mb4 */;
CREATE TABLE `symptoms` (
  `patient id` int NOT NULL AUTO_INCREMENT,
  `Chest Pain` int DEFAULT NULL,
  `Coughing of Blood` int DEFAULT NULL,
  `Fatigue` int DEFAULT NULL,
  `Weight Loss` int DEFAULT NULL,
  `Shortness of Breath` int DEFAULT NULL,
  `Wheezing` int DEFAULT NULL,
  `Swallowing Difficulty` int DEFAULT NULL,
  `Clubbing of Finger Nails` int DEFAULT NULL,
  `Frequent Cold` int DEFAULT NULL,
  `Dry Cough` int DEFAULT NULL,
  `Snoring` int DEFAULT NULL,
  `Level` text,
  PRIMARY KEY (`patient id`),
  UNIQUE KEY `patient id_UNIQUE` (`patient id`),
  CONSTRAINT `patient id` FOREIGN KEY (`patient id`) REFERENCES `patient` (`patient id`)
) ENGINE=InnoDB AUTO_INCREMENT=1001 DEFAULT CHARSET=utf8mb4 COLLATE=utf8mb4_0900_ai_ci;
/*!40101 SET character_set_client = @saved_cs_client */;

--
-- Dumping data for table `symptoms`
--

LOCK TABLES `symptoms` WRITE;
/*!40000 ALTER TABLE `symptoms` DISABLE KEYS */;
INSERT INTO `symptoms` VALUES (1,2,4,3,4,2,2,3,1,2,3,4,'Low'),(2,2,3,1,3,7,8,6,2,1,7,2,'Medium'),(3,4,8,8,7,9,2,1,4,6,7,2,'High'),(4,7,8,4,2,3,1,4,5,6,7,5,'High'),(5,7,9,3,2,4,1,4,2,4,2,3,'High'),(6,4,8,8,7,9,2,1,4,6,7,2,'High'),(7,2,4,3,4,2,2,3,1,2,3,4,'Low'),(8,3,1,3,2,2,4,2,2,3,4,3,'Low'),(9,6,5,1,4,3,2,4,6,2,4,1,'Medium'),(10,4,4,1,2,4,6,5,4,2,1,5,'Medium'),(11,7,7,2,7,6,7,6,7,2,3,1,'High'),(12,7,7,5,3,2,7,8,2,4,5,3,'High'),(13,7,7,9,6,5,7,2,4,3,1,4,'High'),(14,7,8,4,2,3,1,4,5,6,7,5,'High'),(15,6,6,5,3,2,4,3,1,7,5,6,'Medium'),(16,7,7,8,5,7,6,7,8,7,6,2,'High'),(17,7,8,4,2,3,1,4,5,6,7,5,'High'),(18,4,2,2,2,3,4,1,5,2,6,2,'Low'),(19,7,7,5,3,2,7,8,2,4,5,3,'High'),(20,5,5,4,3,6,2,1,2,1,6,2,'Medium'),(21,7,7,9,6,5,7,2,4,3,1,4,'High'),(22,2,3,1,3,7,8,6,2,1,7,2,'Medium'),(23,4,8,8,7,9,2,1,4,6,7,2,'High'),(24,7,8,4,2,3,1,4,5,6,7,5,'High'),(25,7,9,3,2,4,1,4,2,4,2,3,'High'),(26,7,7,8,5,7,6,7,8,7,6,2,'High'),(27,6,5,5,3,2,1,4,7,2,1,6,'Medium'),(28,2,4,6,7,2,5,8,1,3,2,3,'Medium'),(29,9,6,5,2,5,2,3,2,1,7,6,'High'),(30,4,8,8,7,9,2,1,4,6,7,2,'High'),(31,4,8,8,7,9,2,1,4,6,7,2,'High'),(32,7,9,3,2,4,1,4,2,4,2,3,'High'),(33,7,9,3,2,4,1,4,2,4,2,3,'High'),(34,7,7,2,7,6,7,6,7,2,3,1,'High'),(35,7,7,2,7,6,7,6,7,2,3,1,'High'),(36,7,8,4,2,3,1,4,5,6,7,5,'High'),(37,7,7,8,5,7,6,7,8,7,6,2,'High'),(38,7,7,8,5,7,6,7,8,7,6,2,'High'),(39,4,3,2,7,6,5,1,9,3,4,2,'Medium'),(40,7,7,5,3,2,7,8,2,4,5,3,'High'),(41,2,4,6,7,2,5,8,1,3,2,3,'Medium'),(42,7,7,9,6,5,7,2,4,3,1,4,'High'),(43,3,3,4,5,6,5,5,4,6,5,4,'Medium'),(44,4,8,8,7,9,2,1,4,6,7,2,'High'),(45,7,7,4,4,5,6,5,5,4,6,5,'High'),(46,1,5,2,1,3,2,1,3,2,1,2,'Low'),(47,2,2,3,3,7,7,4,8,7,7,5,'Medium'),(48,7,9,3,2,4,1,4,2,4,2,3,'High'),(49,7,6,5,5,4,6,5,4,6,5,7,'High'),(50,4,8,8,7,9,2,1,4,6,7,2,'High'),(51,2,3,8,7,7,3,8,9,1,6,2,'High'),(52,4,3,2,5,2,1,2,3,4,5,2,'Low'),(53,3,1,3,2,2,4,2,2,3,4,3,'Low'),(54,8,7,3,2,6,4,2,3,1,2,1,'Medium'),(55,3,3,4,5,6,5,5,4,6,5,4,'Medium'),(56,3,4,4,1,2,4,6,5,4,2,5,'Medium'),(57,7,9,3,2,4,1,4,2,4,2,3,'High'),(58,2,4,3,4,2,2,3,1,2,3,4,'Low'),(59,4,3,2,7,6,5,1,9,3,4,2,'Medium'),(60,7,8,4,2,3,1,4,5,6,7,5,'High'),(61,3,1,3,2,2,4,2,2,3,4,3,'Low'),(62,2,4,6,7,2,5,8,1,3,2,3,'Medium'),(63,4,8,8,7,9,2,1,4,6,7,2,'High'),(64,6,5,5,3,2,1,4,7,2,1,6,'Medium'),(65,2,4,3,4,2,2,3,1,2,3,4,'Low'),(66,3,3,4,5,6,5,5,4,6,5,4,'Medium'),(67,4,2,2,2,3,4,1,5,2,6,2,'Low'),(68,3,1,3,2,2,4,2,2,3,4,3,'Low'),(69,8,7,3,2,6,4,2,3,1,2,1,'Medium'),(70,7,8,2,3,6,4,2,3,1,2,1,'Low'),(71,6,5,1,4,3,2,4,6,2,4,1,'Medium'),(72,1,2,3,2,1,3,2,4,2,1,1,'Low'),(73,7,4,2,1,3,2,2,1,2,5,1,'Low'),(74,2,2,3,3,7,7,4,8,7,7,5,'Medium'),(75,4,4,1,2,4,6,5,4,2,1,5,'Medium'),(76,7,2,3,8,7,3,8,3,2,3,1,'Low'),(77,3,4,4,1,2,4,6,5,4,2,5,'Medium'),(78,7,7,5,3,2,7,8,2,4,5,3,'High'),(79,3,1,3,2,2,4,2,2,3,4,3,'Low'),(80,4,3,2,7,6,5,1,9,3,4,2,'Medium'),(81,7,7,9,6,5,7,2,4,3,1,4,'High'),(82,4,3,1,2,3,4,5,1,2,3,4,'Low'),(83,2,4,6,7,2,5,8,1,3,2,3,'Medium'),(84,1,4,2,6,1,2,4,2,1,2,3,'Low'),(85,6,6,5,3,2,4,3,1,7,5,6,'Medium'),(86,3,3,4,5,6,5,5,4,6,5,4,'Medium'),(87,1,2,1,3,3,2,1,3,2,1,1,'Low'),(88,7,7,4,4,5,6,5,5,4,6,5,'High'),(89,4,3,2,7,6,5,1,9,3,4,2,'Medium'),(90,1,2,3,2,1,3,2,4,2,1,1,'Low'),(91,4,2,2,2,3,4,1,5,2,6,2,'Low'),(92,2,4,6,7,2,5,8,1,3,2,3,'Medium'),(93,6,2,1,1,1,2,1,2,3,1,2,'Low'),(94,5,5,4,3,6,2,1,2,1,6,2,'Medium'),(95,3,3,4,5,6,5,5,4,6,5,4,'Medium'),(96,9,6,5,2,5,2,3,2,1,7,6,'High'),(97,2,3,1,3,7,8,6,2,1,7,2,'Medium'),(98,8,7,3,2,6,4,2,3,1,2,1,'Medium'),(99,3,4,4,2,2,2,3,2,1,2,4,'Low'),(100,7,8,4,2,3,1,4,5,6,7,5,'High'),(101,2,2,3,3,7,7,4,8,7,7,5,'Medium'),(102,1,1,1,1,1,2,3,4,5,2,1,'Low'),(103,7,7,8,5,7,6,7,8,7,6,2,'High'),(104,6,5,5,3,2,1,4,7,2,1,6,'Medium'),(105,1,1,1,2,3,2,5,1,5,1,1,'Low'),(106,9,6,5,2,5,2,3,2,1,7,6,'High'),(107,2,2,2,2,1,3,4,4,1,4,1,'Low'),(108,4,8,8,7,9,2,1,4,6,7,2,'High'),(109,2,4,1,3,4,2,4,2,4,3,1,'Low'),(110,7,9,3,2,4,1,4,2,4,2,3,'High'),(111,3,6,2,1,2,3,4,2,1,1,1,'Low'),(112,6,2,1,1,1,2,1,2,3,1,2,'Low'),(113,7,7,2,7,6,7,6,7,2,3,1,'High'),(114,2,1,3,4,5,1,3,2,1,2,2,'Low'),(115,3,4,4,1,2,4,6,5,4,2,5,'Medium'),(116,2,2,3,3,7,7,4,8,7,7,5,'Medium'),(117,1,3,1,1,1,1,1,3,2,4,2,'Low'),(118,4,3,2,7,6,5,1,9,3,4,2,'Medium'),(119,4,3,2,7,6,5,1,9,3,4,2,'Medium'),(120,2,5,3,2,1,2,3,1,3,4,2,'Low'),(121,4,3,2,7,6,5,1,9,3,4,2,'Medium'),(122,2,4,6,7,2,5,8,1,3,2,3,'Medium'),(123,2,4,6,7,2,5,8,1,3,2,3,'Medium'),(124,3,3,4,5,6,5,5,4,6,5,4,'Medium'),(125,3,3,4,5,6,5,5,4,6,5,4,'Medium'),(126,7,7,4,4,5,6,5,5,4,6,5,'High'),(127,3,4,4,1,2,4,6,5,4,2,5,'Medium'),(128,1,1,1,1,1,3,2,3,2,3,3,'Low'),(129,2,2,3,3,7,7,4,8,7,7,5,'Medium'),(130,4,3,2,7,6,5,1,9,3,4,2,'Medium'),(131,4,8,8,7,9,2,1,4,6,7,2,'High'),(132,7,6,5,5,4,6,5,4,6,5,7,'High'),(133,2,2,2,2,3,2,1,2,3,2,3,'Low'),(134,7,7,5,3,2,7,8,2,4,5,3,'High'),(135,2,3,8,7,7,3,8,9,1,6,2,'High'),(136,2,4,2,1,3,4,6,1,3,2,2,'Low'),(137,7,7,9,6,5,7,2,4,3,1,4,'High'),(138,8,7,3,2,6,4,2,3,1,2,1,'Medium'),(139,3,2,4,3,2,1,2,4,2,3,2,'Low'),(140,7,7,4,4,5,6,5,5,4,6,5,'High'),(141,2,4,3,4,2,2,3,1,2,3,4,'Low'),(142,1,5,2,1,3,2,1,3,2,1,2,'Low'),(143,3,4,4,2,2,2,3,2,1,2,4,'Low'),(144,3,1,3,2,2,4,2,2,3,4,3,'Low'),(145,4,3,2,5,2,1,2,3,4,5,2,'Low'),(146,9,6,5,2,5,2,3,2,1,7,6,'High'),(147,3,4,4,1,2,4,6,5,4,2,5,'Medium'),(148,7,6,5,5,4,6,5,4,6,5,7,'High'),(149,4,8,8,7,9,2,1,4,6,7,2,'High'),(150,4,3,2,7,6,5,1,9,3,4,2,'Medium'),(151,4,2,2,2,3,4,1,5,2,6,2,'Low'),(152,7,8,2,3,6,4,2,3,1,2,1,'Low'),(153,2,4,6,7,2,5,8,1,3,2,3,'Medium'),(154,7,4,2,1,3,2,2,1,2,5,1,'Low'),(155,3,3,4,5,6,5,5,4,6,5,4,'Medium'),(156,7,2,3,8,7,3,8,3,2,3,1,'Low'),(157,8,7,3,2,6,4,2,3,1,2,1,'Medium'),(158,3,1,3,2,2,4,2,2,3,4,3,'Low'),(159,7,9,3,2,4,1,4,2,4,2,3,'High'),(160,7,9,3,2,4,1,4,2,4,2,3,'High'),(161,4,3,1,2,3,4,5,1,2,3,4,'Low'),(162,2,2,3,3,7,7,4,8,7,7,5,'Medium'),(163,7,7,2,7,6,7,6,7,2,3,1,'High'),(164,1,4,2,6,1,2,4,2,1,2,3,'Low'),(165,3,4,4,1,2,4,6,5,4,2,5,'Medium'),(166,7,8,4,2,3,1,4,5,6,7,5,'High'),(167,1,2,1,3,3,2,1,3,2,1,1,'Low'),(168,4,3,2,7,6,5,1,9,3,4,2,'Medium'),(169,7,7,8,5,7,6,7,8,7,6,2,'High'),(170,1,2,3,2,1,3,2,4,2,1,1,'Low'),(171,2,4,6,7,2,5,8,1,3,2,3,'Medium'),(172,7,7,5,3,2,7,8,2,4,5,3,'High'),(173,6,2,1,1,1,2,1,2,3,1,2,'Low'),(174,3,3,4,5,6,5,5,4,6,5,4,'Medium'),(175,7,7,9,6,5,7,2,4,3,1,4,'High'),(176,2,3,8,7,7,3,8,9,1,6,2,'High'),(177,4,3,2,7,6,5,1,9,3,4,2,'Medium'),(178,4,8,8,7,9,2,1,4,6,7,2,'High'),(179,3,4,4,2,2,2,3,2,1,2,4,'Low'),(180,2,4,6,7,2,5,8,1,3,2,3,'Medium'),(181,7,9,3,2,4,1,4,2,4,2,3,'High'),(182,3,3,4,5,6,5,5,4,6,5,4,'Medium'),(183,1,1,1,1,1,2,3,4,5,2,1,'Low'),(184,1,1,1,1,1,2,3,4,5,2,1,'Low'),(185,8,7,3,2,6,4,2,3,1,2,1,'Medium'),(186,1,1,1,2,3,2,5,1,5,1,1,'Low'),(187,4,8,8,7,9,2,1,4,6,7,2,'High'),(188,2,2,3,3,7,7,4,8,7,7,5,'Medium'),(189,2,2,2,2,1,3,4,4,1,4,1,'Low'),(190,7,9,3,2,4,1,4,2,4,2,3,'High'),(191,2,4,1,3,4,2,4,2,4,3,1,'Low'),(192,7,7,2,7,6,7,6,7,2,3,1,'High'),(193,7,7,2,7,6,7,6,7,2,3,1,'High'),(194,3,4,4,1,2,4,6,5,4,2,5,'Medium'),(195,3,6,2,1,2,3,4,2,1,1,1,'Low'),(196,7,8,4,2,3,1,4,5,6,7,5,'High'),(197,2,1,3,4,5,1,3,2,1,2,2,'Low'),(198,7,7,8,5,7,6,7,8,7,6,2,'High'),(199,4,3,2,7,6,5,1,9,3,4,2,'Medium'),(200,1,3,1,1,1,1,1,3,2,4,2,'Low'),(201,7,7,5,3,2,7,8,2,4,5,3,'High'),(202,4,3,2,7,6,5,1,9,3,4,2,'Medium'),(203,2,5,3,2,1,2,3,1,3,4,2,'Low'),(204,7,7,9,6,5,7,2,4,3,1,4,'High'),(205,2,4,6,7,2,5,8,1,3,2,3,'Medium'),(206,4,8,8,7,9,2,1,4,6,7,2,'High'),(207,3,3,4,5,6,5,5,4,6,5,4,'Medium'),(208,1,1,1,1,1,3,2,3,2,3,3,'Low'),(209,3,4,4,1,2,4,6,5,4,2,5,'Medium'),(210,7,9,3,2,4,1,4,2,4,2,3,'High'),(211,8,7,3,2,6,4,2,3,1,2,1,'Medium'),(212,4,3,2,7,6,5,1,9,3,4,2,'Medium'),(213,4,8,8,7,9,2,1,4,6,7,2,'High'),(214,2,2,2,2,3,2,1,2,3,2,3,'Low'),(215,7,7,5,3,2,7,8,2,4,5,3,'High'),(216,4,4,1,2,4,6,5,4,2,1,5,'Medium'),(217,2,4,2,1,3,4,6,1,3,2,2,'Low'),(218,7,7,9,6,5,7,2,4,3,1,4,'High'),(219,3,2,4,3,2,1,2,4,2,3,2,'Low'),(220,1,1,1,2,3,2,5,1,5,1,1,'Low'),(221,7,7,4,4,5,6,5,5,4,6,5,'High'),(222,7,9,3,2,4,1,4,2,4,2,3,'High'),(223,4,3,2,7,6,5,1,9,3,4,2,'Medium'),(224,1,5,2,1,3,2,1,3,2,1,2,'Low'),(225,7,8,4,2,3,1,4,5,6,7,5,'High'),(226,4,3,2,5,2,1,2,3,4,5,2,'Low'),(227,9,6,5,2,5,2,3,2,1,7,6,'High'),(228,4,8,8,7,9,2,1,4,6,7,2,'High'),(229,3,4,4,1,2,4,6,5,4,2,5,'Medium'),(230,4,8,8,7,9,2,1,4,6,7,2,'High'),(231,2,4,3,4,2,2,3,1,2,3,4,'Low'),(232,7,9,3,2,4,1,4,2,4,2,3,'High'),(233,4,3,2,7,6,5,1,9,3,4,2,'Medium'),(234,3,1,3,2,2,4,2,2,3,4,3,'Low'),(235,2,4,6,7,2,5,8,1,3,2,3,'Medium'),(236,6,5,1,4,3,2,4,6,2,4,1,'Medium'),(237,3,3,4,5,6,5,5,4,6,5,4,'Medium'),(238,4,4,1,2,4,6,5,4,2,1,5,'Medium'),(239,8,7,3,2,6,4,2,3,1,2,1,'Medium'),(240,7,7,5,3,2,7,8,2,4,5,3,'High'),(241,2,4,3,4,2,2,3,1,2,3,4,'Low'),(242,7,7,9,6,5,7,2,4,3,1,4,'High'),(243,2,2,3,3,7,7,4,8,7,7,5,'Medium'),(244,3,3,4,5,6,5,5,4,6,5,4,'Medium'),(245,3,4,4,1,2,4,6,5,4,2,5,'Medium'),(246,7,7,4,4,5,6,5,5,4,6,5,'High'),(247,4,3,2,7,6,5,1,9,3,4,2,'Medium'),(248,2,2,3,3,7,7,4,8,7,7,5,'Medium'),(249,6,6,5,3,2,4,3,1,7,5,6,'Medium'),(250,2,4,6,7,2,5,8,1,3,2,3,'Medium'),(251,7,6,5,5,4,6,5,4,6,5,7,'High'),(252,2,2,2,2,1,3,4,4,1,4,1,'Low'),(253,2,3,8,7,7,3,8,9,1,6,2,'High'),(254,4,2,2,2,3,4,1,5,2,6,2,'Low'),(255,8,7,3,2,6,4,2,3,1,2,1,'Medium'),(256,2,4,3,4,2,2,3,1,2,3,4,'Low'),(257,3,3,4,5,6,5,5,4,6,5,4,'Medium'),(258,5,5,4,3,6,2,1,2,1,6,2,'Medium'),(259,3,1,3,2,2,4,2,2,3,4,3,'Low'),(260,2,3,1,3,7,8,6,2,1,7,2,'Medium'),(261,3,4,4,1,2,4,6,5,4,2,5,'Medium'),(262,4,3,2,7,6,5,1,9,3,4,2,'Medium'),(263,7,8,4,2,3,1,4,5,6,7,5,'High'),(264,4,2,2,2,3,4,1,5,2,6,2,'Low'),(265,2,4,6,7,2,5,8,1,3,2,3,'Medium'),(266,7,7,8,5,7,6,7,8,7,6,2,'High'),(267,7,8,2,3,6,4,2,3,1,2,1,'Low'),(268,3,3,4,5,6,5,5,4,6,5,4,'Medium'),(269,6,5,5,3,2,1,4,7,2,1,6,'Medium'),(270,7,4,2,1,3,2,2,1,2,5,1,'Low'),(271,8,7,3,2,6,4,2,3,1,2,1,'Medium'),(272,9,6,5,2,5,2,3,2,1,7,6,'High'),(273,7,2,3,8,7,3,8,3,2,3,1,'Low'),(274,2,2,3,3,7,7,4,8,7,7,5,'Medium'),(275,4,8,8,7,9,2,1,4,6,7,2,'High'),(276,3,1,3,2,2,4,2,2,3,4,3,'Low'),(277,3,1,3,2,2,4,2,2,3,4,3,'Low'),(278,7,9,3,2,4,1,4,2,4,2,3,'High'),(279,4,3,1,2,3,4,5,1,2,3,4,'Low'),(280,7,7,2,7,6,7,6,7,2,3,1,'High'),(281,3,4,4,1,2,4,6,5,4,2,5,'Medium'),(282,2,4,1,3,4,2,4,2,4,3,1,'Low'),(283,4,3,2,7,6,5,1,9,3,4,2,'Medium'),(284,4,3,2,7,6,5,1,9,3,4,2,'Medium'),(285,1,4,2,6,1,2,4,2,1,2,3,'Low'),(286,4,3,2,7,6,5,1,9,3,4,2,'Medium'),(287,2,4,6,7,2,5,8,1,3,2,3,'Medium'),(288,1,2,1,3,3,2,1,3,2,1,1,'Low'),(289,2,4,6,7,2,5,8,1,3,2,3,'Medium'),(290,3,3,4,5,6,5,5,4,6,5,4,'Medium'),(291,1,2,3,2,1,3,2,4,2,1,1,'Low'),(292,3,3,4,5,6,5,5,4,6,5,4,'Medium'),(293,6,2,1,1,1,2,1,2,3,1,2,'Low'),(294,7,7,4,4,5,6,5,5,4,6,5,'High'),(295,3,4,4,1,2,4,6,5,4,2,5,'Medium'),(296,4,3,2,7,6,5,1,9,3,4,2,'Medium'),(297,2,2,3,3,7,7,4,8,7,7,5,'Medium'),(298,3,4,4,2,2,2,3,2,1,2,4,'Low'),(299,7,6,5,5,4,6,5,4,6,5,7,'High'),(300,4,3,2,7,6,5,1,9,3,4,2,'Medium'),(301,1,1,1,1,1,2,3,4,5,2,1,'Low'),(302,2,3,8,7,7,3,8,9,1,6,2,'High'),(303,7,7,5,3,2,7,8,2,4,5,3,'High'),(304,1,1,1,2,3,2,5,1,5,1,1,'Low'),(305,8,7,3,2,6,4,2,3,1,2,1,'Medium'),(306,2,2,2,2,1,3,4,4,1,4,1,'Low'),(307,7,7,9,6,5,7,2,4,3,1,4,'High'),(308,2,4,3,4,2,2,3,1,2,3,4,'Low'),(309,2,4,1,3,4,2,4,2,4,3,1,'Low'),(310,7,7,4,4,5,6,5,5,4,6,5,'High'),(311,3,1,3,2,2,4,2,2,3,4,3,'Low'),(312,3,6,2,1,2,3,4,2,1,1,1,'Low'),(313,4,2,2,2,3,4,1,5,2,6,2,'Low'),(314,3,6,2,1,2,3,4,2,1,1,1,'Low'),(315,2,1,3,4,5,1,3,2,1,2,2,'Low'),(316,9,6,5,2,5,2,3,2,1,7,6,'High'),(317,4,2,2,2,3,4,1,5,2,6,2,'Low'),(318,1,3,1,1,1,1,1,3,2,4,2,'Low'),(319,4,8,8,7,9,2,1,4,6,7,2,'High'),(320,7,8,2,3,6,4,2,3,1,2,1,'Low'),(321,2,5,3,2,1,2,3,1,3,4,2,'Low'),(322,7,9,3,2,4,1,4,2,4,2,3,'High'),(323,7,4,2,1,3,2,2,1,2,5,1,'Low'),(324,1,1,1,1,1,3,2,3,2,3,3,'Low'),(325,7,7,2,7,6,7,6,7,2,3,1,'High'),(326,7,2,3,8,7,3,8,3,2,3,1,'Low'),(327,2,4,6,7,2,5,8,1,3,2,3,'Medium'),(328,7,8,4,2,3,1,4,5,6,7,5,'High'),(329,3,1,3,2,2,4,2,2,3,4,3,'Low'),(330,2,2,2,2,3,2,1,2,3,2,3,'Low'),(331,7,7,8,5,7,6,7,8,7,6,2,'High'),(332,2,4,2,1,3,4,6,1,3,2,2,'Low'),(333,4,3,1,2,3,4,5,1,2,3,4,'Low'),(334,7,7,5,3,2,7,8,2,4,5,3,'High'),(335,3,2,4,3,2,1,2,4,2,3,2,'Low'),(336,1,4,2,6,1,2,4,2,1,2,3,'Low'),(337,7,7,9,6,5,7,2,4,3,1,4,'High'),(338,1,2,1,3,3,2,1,3,2,1,1,'Low'),(339,4,8,8,7,9,2,1,4,6,7,2,'High'),(340,1,5,2,1,3,2,1,3,2,1,2,'Low'),(341,1,2,3,2,1,3,2,4,2,1,1,'Low'),(342,4,3,2,5,2,1,2,3,4,5,2,'Low'),(343,7,9,3,2,4,1,4,2,4,2,3,'High'),(344,6,2,1,1,1,2,1,2,3,1,2,'Low'),(345,3,4,4,1,2,4,6,5,4,2,5,'Medium'),(346,7,8,2,3,6,4,2,3,1,2,1,'Low'),(347,4,3,2,7,6,5,1,9,3,4,2,'Medium'),(348,4,8,8,7,9,2,1,4,6,7,2,'High'),(349,2,4,6,7,2,5,8,1,3,2,3,'Medium'),(350,7,9,3,2,4,1,4,2,4,2,3,'High'),(351,2,1,3,4,5,1,3,2,1,2,2,'Low'),(352,3,3,4,5,6,5,5,4,6,5,4,'Medium'),(353,7,7,2,7,6,7,6,7,2,3,1,'High'),(354,3,4,4,2,2,2,3,2,1,2,4,'Low'),(355,8,7,3,2,6,4,2,3,1,2,1,'Medium'),(356,7,8,4,2,3,1,4,5,6,7,5,'High'),(357,1,1,1,1,1,2,3,4,5,2,1,'Low'),(358,3,3,4,5,6,5,5,4,6,5,4,'Medium'),(359,7,7,8,5,7,6,7,8,7,6,2,'High'),(360,1,1,1,2,3,2,5,1,5,1,1,'Low'),(361,2,2,3,3,7,7,4,8,7,7,5,'Medium'),(362,7,7,5,3,2,7,8,2,4,5,3,'High'),(363,2,2,2,2,1,3,4,4,1,4,1,'Low'),(364,3,4,4,1,2,4,6,5,4,2,5,'Medium'),(365,7,7,9,6,5,7,2,4,3,1,4,'High'),(366,2,4,1,3,4,2,4,2,4,3,1,'Low'),(367,4,3,2,7,6,5,1,9,3,4,2,'Medium'),(368,4,8,8,7,9,2,1,4,6,7,2,'High'),(369,3,6,2,1,2,3,4,2,1,1,1,'Low'),(370,2,4,6,7,2,5,8,1,3,2,3,'Medium'),(371,7,9,3,2,4,1,4,2,4,2,3,'High'),(372,3,3,4,5,6,5,5,4,6,5,4,'Medium'),(373,2,1,3,4,5,1,3,2,1,2,2,'Low'),(374,4,8,8,7,9,2,1,4,6,7,2,'High'),(375,4,3,2,7,6,5,1,9,3,4,2,'Medium'),(376,1,3,1,1,1,1,1,3,2,4,2,'Low'),(377,2,4,6,7,2,5,8,1,3,2,3,'Medium'),(378,6,5,1,4,3,2,4,6,2,4,1,'Medium'),(379,2,5,3,2,1,2,3,1,3,4,2,'Low'),(380,3,3,4,5,6,5,5,4,6,5,4,'Medium'),(381,7,4,2,1,3,2,2,1,2,5,1,'Low'),(382,1,1,1,1,1,3,2,3,2,3,3,'Low'),(383,8,7,3,2,6,4,2,3,1,2,1,'Medium'),(384,7,9,3,2,4,1,4,2,4,2,3,'High'),(385,1,3,1,1,1,1,1,3,2,4,2,'Low'),(386,2,2,3,3,7,7,4,8,7,7,5,'Medium'),(387,7,8,4,2,3,1,4,5,6,7,5,'High'),(388,2,2,2,2,3,2,1,2,3,2,3,'Low'),(389,4,8,8,7,9,2,1,4,6,7,2,'High'),(390,8,7,3,2,6,4,2,3,1,2,1,'Medium'),(391,2,4,2,1,3,4,6,1,3,2,2,'Low'),(392,3,4,4,1,2,4,6,5,4,2,5,'Medium'),(393,3,2,4,3,2,1,2,4,2,3,2,'Low'),(394,4,3,2,7,6,5,1,9,3,4,2,'Medium'),(395,1,5,2,1,3,2,1,3,2,1,2,'Low'),(396,4,3,2,7,6,5,1,9,3,4,2,'Medium'),(397,2,4,3,4,2,2,3,1,2,3,4,'Low'),(398,4,3,2,5,2,1,2,3,4,5,2,'Low'),(399,2,4,6,7,2,5,8,1,3,2,3,'Medium'),(400,3,1,3,2,2,4,2,2,3,4,3,'Low'),(401,3,4,4,1,2,4,6,5,4,2,5,'Medium'),(402,3,3,4,5,6,5,5,4,6,5,4,'Medium'),(403,6,5,1,4,3,2,4,6,2,4,1,'Medium'),(404,4,3,2,7,6,5,1,9,3,4,2,'Medium'),(405,4,4,1,2,4,6,5,4,2,1,5,'Medium'),(406,3,4,4,1,2,4,6,5,4,2,5,'Medium'),(407,2,4,6,7,2,5,8,1,3,2,3,'Medium'),(408,7,7,5,3,2,7,8,2,4,5,3,'High'),(409,4,3,2,7,6,5,1,9,3,4,2,'Medium'),(410,3,3,4,5,6,5,5,4,6,5,4,'Medium'),(411,7,7,9,6,5,7,2,4,3,1,4,'High'),(412,7,7,5,3,2,7,8,2,4,5,3,'High'),(413,8,7,3,2,6,4,2,3,1,2,1,'Medium'),(414,6,6,5,3,2,4,3,1,7,5,6,'Medium'),(415,7,7,9,6,5,7,2,4,3,1,4,'High'),(416,2,5,3,2,1,2,3,1,3,4,2,'Low'),(417,7,2,3,8,7,3,8,3,2,3,1,'Low'),(418,7,7,4,4,5,6,5,5,4,6,5,'High'),(419,2,2,3,3,7,7,4,8,7,7,5,'Medium'),(420,4,2,2,2,3,4,1,5,2,6,2,'Low'),(421,2,2,3,3,7,7,4,8,7,7,5,'Medium'),(422,3,4,4,1,2,4,6,5,4,2,5,'Medium'),(423,9,6,5,2,5,2,3,2,1,7,6,'High'),(424,5,5,4,3,6,2,1,2,1,6,2,'Medium'),(425,4,3,2,7,6,5,1,9,3,4,2,'Medium'),(426,2,3,1,3,7,8,6,2,1,7,2,'Medium'),(427,4,8,8,7,9,2,1,4,6,7,2,'High'),(428,2,4,6,7,2,5,8,1,3,2,3,'Medium'),(429,7,9,3,2,4,1,4,2,4,2,3,'High'),(430,7,8,4,2,3,1,4,5,6,7,5,'High'),(431,3,3,4,5,6,5,5,4,6,5,4,'Medium'),(432,7,7,2,7,6,7,6,7,2,3,1,'High'),(433,4,3,2,7,6,5,1,9,3,4,2,'Medium'),(434,7,8,4,2,3,1,4,5,6,7,5,'High'),(435,2,4,6,7,2,5,8,1,3,2,3,'Medium'),(436,7,7,8,5,7,6,7,8,7,6,2,'High'),(437,3,3,4,5,6,5,5,4,6,5,4,'Medium'),(438,7,7,5,3,2,7,8,2,4,5,3,'High'),(439,8,7,3,2,6,4,2,3,1,2,1,'Medium'),(440,7,7,8,5,7,6,7,8,7,6,2,'High'),(441,7,7,9,6,5,7,2,4,3,1,4,'High'),(442,2,2,3,3,7,7,4,8,7,7,5,'Medium'),(443,4,8,8,7,9,2,1,4,6,7,2,'High'),(444,6,5,5,3,2,1,4,7,2,1,6,'Medium'),(445,7,9,3,2,4,1,4,2,4,2,3,'High'),(446,9,6,5,2,5,2,3,2,1,7,6,'High'),(447,4,8,8,7,9,2,1,4,6,7,2,'High'),(448,3,4,4,1,2,4,6,5,4,2,5,'Medium'),(449,7,9,3,2,4,1,4,2,4,2,3,'High'),(450,4,8,8,7,9,2,1,4,6,7,2,'High'),(451,7,7,2,7,6,7,6,7,2,3,1,'High'),(452,7,9,3,2,4,1,4,2,4,2,3,'High'),(453,7,7,2,7,6,7,6,7,2,3,1,'High'),(454,3,1,3,2,2,4,2,2,3,4,3,'Low'),(455,4,3,2,7,6,5,1,9,3,4,2,'Medium'),(456,1,1,1,1,1,3,2,3,2,3,3,'Low'),(457,7,8,4,2,3,1,4,5,6,7,5,'High'),(458,2,4,6,7,2,5,8,1,3,2,3,'Medium'),(459,7,7,8,5,7,6,7,8,7,6,2,'High'),(460,3,4,4,1,2,4,6,5,4,2,5,'Medium'),(461,3,3,4,5,6,5,5,4,6,5,4,'Medium'),(462,7,7,5,3,2,7,8,2,4,5,3,'High'),(463,4,3,2,7,6,5,1,9,3,4,2,'Medium'),(464,7,7,9,6,5,7,2,4,3,1,4,'High'),(465,7,7,4,4,5,6,5,5,4,6,5,'High'),(466,4,3,2,7,6,5,1,9,3,4,2,'Medium'),(467,4,8,8,7,9,2,1,4,6,7,2,'High'),(468,2,4,6,7,2,5,8,1,3,2,3,'Medium'),(469,3,3,4,5,6,5,5,4,6,5,4,'Medium'),(470,7,9,3,2,4,1,4,2,4,2,3,'High'),(471,3,4,4,1,2,4,6,5,4,2,5,'Medium'),(472,4,8,8,7,9,2,1,4,6,7,2,'High'),(473,4,3,2,7,6,5,1,9,3,4,2,'Medium'),(474,7,7,9,6,5,7,2,4,3,1,4,'High'),(475,7,7,5,3,2,7,8,2,4,5,3,'High'),(476,4,3,2,7,6,5,1,9,3,4,2,'Medium'),(477,2,2,3,3,7,7,4,8,7,7,5,'Medium'),(478,7,7,9,6,5,7,2,4,3,1,4,'High'),(479,7,9,3,2,4,1,4,2,4,2,3,'High'),(480,7,6,5,5,4,6,5,4,6,5,7,'High'),(481,7,7,4,4,5,6,5,5,4,6,5,'High'),(482,7,8,4,2,3,1,4,5,6,7,5,'High'),(483,2,3,8,7,7,3,8,9,1,6,2,'High'),(484,2,2,2,2,3,2,1,2,3,2,3,'Low'),(485,4,8,8,7,9,2,1,4,6,7,2,'High'),(486,8,7,3,2,6,4,2,3,1,2,1,'Medium'),(487,9,6,5,2,5,2,3,2,1,7,6,'High'),(488,2,4,3,4,2,2,3,1,2,3,4,'Low'),(489,4,8,8,7,9,2,1,4,6,7,2,'High'),(490,2,4,3,4,2,2,3,1,2,3,4,'Low'),(491,3,1,3,2,2,4,2,2,3,4,3,'Low'),(492,3,1,3,2,2,4,2,2,3,4,3,'Low'),(493,6,5,1,4,3,2,4,6,2,4,1,'Medium'),(494,4,3,1,2,3,4,5,1,2,3,4,'Low'),(495,4,4,1,2,4,6,5,4,2,1,5,'Medium'),(496,4,2,2,2,3,4,1,5,2,6,2,'Low'),(497,7,7,5,3,2,7,8,2,4,5,3,'High'),(498,7,9,3,2,4,1,4,2,4,2,3,'High'),(499,7,8,2,3,6,4,2,3,1,2,1,'Low'),(500,7,7,9,6,5,7,2,4,3,1,4,'High'),(501,7,7,2,7,6,7,6,7,2,3,1,'High'),(502,7,4,2,1,3,2,2,1,2,5,1,'Low'),(503,6,6,5,3,2,4,3,1,7,5,6,'Medium'),(504,7,2,3,8,7,3,8,3,2,3,1,'Low'),(505,7,8,4,2,3,1,4,5,6,7,5,'High'),(506,2,4,6,7,2,5,8,1,3,2,3,'Medium'),(507,3,1,3,2,2,4,2,2,3,4,3,'Low'),(508,7,7,8,5,7,6,7,8,7,6,2,'High'),(509,4,2,2,2,3,4,1,5,2,6,2,'Low'),(510,7,7,5,3,2,7,8,2,4,5,3,'High'),(511,4,3,1,2,3,4,5,1,2,3,4,'Low'),(512,7,7,9,6,5,7,2,4,3,1,4,'High'),(513,5,5,4,3,6,2,1,2,1,6,2,'Medium'),(514,4,8,8,7,9,2,1,4,6,7,2,'High'),(515,2,3,1,3,7,8,6,2,1,7,2,'Medium'),(516,7,9,3,2,4,1,4,2,4,2,3,'High'),(517,1,4,2,6,1,2,4,2,1,2,3,'Low'),(518,7,8,4,2,3,1,4,5,6,7,5,'High'),(519,2,4,2,1,3,4,6,1,3,2,2,'Low'),(520,1,2,1,3,3,2,1,3,2,1,1,'Low'),(521,4,8,8,7,9,2,1,4,6,7,2,'High'),(522,1,2,3,2,1,3,2,4,2,1,1,'Low'),(523,7,9,3,2,4,1,4,2,4,2,3,'High'),(524,6,2,1,1,1,2,1,2,3,1,2,'Low'),(525,7,7,2,7,6,7,6,7,2,3,1,'High'),(526,7,7,8,5,7,6,7,8,7,6,2,'High'),(527,1,4,2,6,1,2,4,2,1,2,3,'Low'),(528,7,8,4,2,3,1,4,5,6,7,5,'High'),(529,6,5,5,3,2,1,4,7,2,1,6,'Medium'),(530,3,4,4,2,2,2,3,2,1,2,4,'Low'),(531,7,7,8,5,7,6,7,8,7,6,2,'High'),(532,1,1,1,1,1,2,3,4,5,2,1,'Low'),(533,7,7,5,3,2,7,8,2,4,5,3,'High'),(534,1,1,1,2,3,2,5,1,5,1,1,'Low'),(535,9,6,5,2,5,2,3,2,1,7,6,'High'),(536,2,2,2,2,1,3,4,4,1,4,1,'Low'),(537,4,8,8,7,9,2,1,4,6,7,2,'High'),(538,2,4,1,3,4,2,4,2,4,3,1,'Low'),(539,7,9,3,2,4,1,4,2,4,2,3,'High'),(540,3,6,2,1,2,3,4,2,1,1,1,'Low'),(541,7,7,9,6,5,7,2,4,3,1,4,'High'),(542,7,7,2,7,6,7,6,7,2,3,1,'High'),(543,2,1,3,4,5,1,3,2,1,2,2,'Low'),(544,4,8,8,7,9,2,1,4,6,7,2,'High'),(545,3,3,4,5,6,5,5,4,6,5,4,'Medium'),(546,1,3,1,1,1,1,1,3,2,4,2,'Low'),(547,4,3,2,7,6,5,1,9,3,4,2,'Medium'),(548,2,4,6,7,2,5,8,1,3,2,3,'Medium'),(549,7,9,3,2,4,1,4,2,4,2,3,'High'),(550,3,3,4,5,6,5,5,4,6,5,4,'Medium'),(551,2,5,3,2,1,2,3,1,3,4,2,'Low'),(552,4,8,8,7,9,2,1,4,6,7,2,'High'),(553,7,7,4,4,5,6,5,5,4,6,5,'High'),(554,1,1,1,1,1,3,2,3,2,3,3,'Low'),(555,7,7,5,3,2,7,8,2,4,5,3,'High'),(556,1,2,1,3,3,2,1,3,2,1,1,'Low'),(557,2,2,3,3,7,7,4,8,7,7,5,'Medium'),(558,3,2,4,3,2,1,2,4,2,3,2,'Low'),(559,2,2,2,2,3,2,1,2,3,2,3,'Low'),(560,7,9,3,2,4,1,4,2,4,2,3,'High'),(561,2,4,2,1,3,4,6,1,3,2,2,'Low'),(562,7,8,4,2,3,1,4,5,6,7,5,'High'),(563,3,2,4,3,2,1,2,4,2,3,2,'Low'),(564,4,8,8,7,9,2,1,4,6,7,2,'High'),(565,7,6,5,5,4,6,5,4,6,5,7,'High'),(566,2,4,3,4,2,2,3,1,2,3,4,'Low'),(567,3,1,3,2,2,4,2,2,3,4,3,'Low'),(568,2,3,8,7,7,3,8,9,1,6,2,'High'),(569,6,5,1,4,3,2,4,6,2,4,1,'Medium'),(570,8,7,3,2,6,4,2,3,1,2,1,'Medium'),(571,4,4,1,2,4,6,5,4,2,1,5,'Medium'),(572,7,7,5,3,2,7,8,2,4,5,3,'High'),(573,2,4,3,4,2,2,3,1,2,3,4,'Low'),(574,7,7,9,6,5,7,2,4,3,1,4,'High'),(575,3,1,3,2,2,4,2,2,3,4,3,'Low'),(576,6,6,5,3,2,4,3,1,7,5,6,'Medium'),(577,4,3,2,7,6,5,1,9,3,4,2,'Medium'),(578,1,5,2,1,3,2,1,3,2,1,2,'Low'),(579,4,2,2,2,3,4,1,5,2,6,2,'Low'),(580,4,2,2,2,3,4,1,5,2,6,2,'Low'),(581,7,8,2,3,6,4,2,3,1,2,1,'Low'),(582,5,5,4,3,6,2,1,2,1,6,2,'Medium'),(583,7,4,2,1,3,2,2,1,2,5,1,'Low'),(584,7,2,3,8,7,3,8,3,2,3,1,'Low'),(585,2,3,1,3,7,8,6,2,1,7,2,'Medium'),(586,3,1,3,2,2,4,2,2,3,4,3,'Low'),(587,7,8,4,2,3,1,4,5,6,7,5,'High'),(588,4,3,1,2,3,4,5,1,2,3,4,'Low'),(589,7,7,8,5,7,6,7,8,7,6,2,'High'),(590,1,4,2,6,1,2,4,2,1,2,3,'Low'),(591,1,2,1,3,3,2,1,3,2,1,1,'Low'),(592,1,2,3,2,1,3,2,4,2,1,1,'Low'),(593,6,5,5,3,2,1,4,7,2,1,6,'Medium'),(594,9,6,5,2,5,2,3,2,1,7,6,'High'),(595,6,2,1,1,1,2,1,2,3,1,2,'Low'),(596,4,8,8,7,9,2,1,4,6,7,2,'High'),(597,2,4,6,7,2,5,8,1,3,2,3,'Medium'),(598,7,9,3,2,4,1,4,2,4,2,3,'High'),(599,7,7,2,7,6,7,6,7,2,3,1,'High'),(600,7,8,4,2,3,1,4,5,6,7,5,'High'),(601,3,4,4,2,2,2,3,2,1,2,4,'Low'),(602,7,7,2,7,6,7,6,7,2,3,1,'High'),(603,7,7,8,5,7,6,7,8,7,6,2,'High'),(604,1,1,1,1,1,2,3,4,5,2,1,'Low'),(605,4,3,2,5,2,1,2,3,4,5,2,'Low'),(606,1,1,1,2,3,2,5,1,5,1,1,'Low'),(607,4,3,2,7,6,5,1,9,3,4,2,'Medium'),(608,2,2,2,2,1,3,4,4,1,4,1,'Low'),(609,2,4,6,7,2,5,8,1,3,2,3,'Medium'),(610,2,4,1,3,4,2,4,2,4,3,1,'Low'),(611,7,7,5,3,2,7,8,2,4,5,3,'High'),(612,3,6,2,1,2,3,4,2,1,1,1,'Low'),(613,2,1,3,4,5,1,3,2,1,2,2,'Low'),(614,1,3,1,1,1,1,1,3,2,4,2,'Low'),(615,2,5,3,2,1,2,3,1,3,4,2,'Low'),(616,7,7,9,6,5,7,2,4,3,1,4,'High'),(617,1,1,1,1,1,3,2,3,2,3,3,'Low'),(618,4,8,8,7,9,2,1,4,6,7,2,'High'),(619,3,4,4,1,2,4,6,5,4,2,5,'Medium'),(620,3,3,4,5,6,5,5,4,6,5,4,'Medium'),(621,7,9,3,2,4,1,4,2,4,2,3,'High'),(622,2,2,2,2,3,2,1,2,3,2,3,'Low'),(623,4,3,2,7,6,5,1,9,3,4,2,'Medium'),(624,4,8,8,7,9,2,1,4,6,7,2,'High'),(625,2,4,6,7,2,5,8,1,3,2,3,'Medium'),(626,2,4,2,1,3,4,6,1,3,2,2,'Low'),(627,6,6,5,3,2,4,3,1,7,5,6,'Medium'),(628,3,3,4,5,6,5,5,4,6,5,4,'Medium'),(629,3,2,4,3,2,1,2,4,2,3,2,'Low'),(630,4,3,2,7,6,5,1,9,3,4,2,'Medium'),(631,4,3,2,7,6,5,1,9,3,4,2,'Medium'),(632,1,5,2,1,3,2,1,3,2,1,2,'Low'),(633,7,9,3,2,4,1,4,2,4,2,3,'High'),(634,2,4,6,7,2,5,8,1,3,2,3,'Medium'),(635,4,3,2,5,2,1,2,3,4,5,2,'Low'),(636,7,8,4,2,3,1,4,5,6,7,5,'High'),(637,3,3,4,5,6,5,5,4,6,5,4,'Medium'),(638,4,8,8,7,9,2,1,4,6,7,2,'High'),(639,8,7,3,2,6,4,2,3,1,2,1,'Medium'),(640,3,4,4,1,2,4,6,5,4,2,5,'Medium'),(641,2,4,3,4,2,2,3,1,2,3,4,'Low'),(642,2,2,3,3,7,7,4,8,7,7,5,'Medium'),(643,4,3,2,7,6,5,1,9,3,4,2,'Medium'),(644,3,1,3,2,2,4,2,2,3,4,3,'Low'),(645,7,9,3,2,4,1,4,2,4,2,3,'High'),(646,2,4,6,7,2,5,8,1,3,2,3,'Medium'),(647,6,5,1,4,3,2,4,6,2,4,1,'Medium'),(648,3,4,4,1,2,4,6,5,4,2,5,'Medium'),(649,3,3,4,5,6,5,5,4,6,5,4,'Medium'),(650,4,4,1,2,4,6,5,4,2,1,5,'Medium'),(651,4,3,2,7,6,5,1,9,3,4,2,'Medium'),(652,8,7,3,2,6,4,2,3,1,2,1,'Medium'),(653,7,7,5,3,2,7,8,2,4,5,3,'High'),(654,4,3,2,7,6,5,1,9,3,4,2,'Medium'),(655,8,7,3,2,6,4,2,3,1,2,1,'Medium'),(656,7,7,9,6,5,7,2,4,3,1,4,'High'),(657,2,4,6,7,2,5,8,1,3,2,3,'Medium'),(658,2,2,3,3,7,7,4,8,7,7,5,'Medium'),(659,6,6,5,3,2,4,3,1,7,5,6,'Medium'),(660,3,3,4,5,6,5,5,4,6,5,4,'Medium'),(661,3,4,4,1,2,4,6,5,4,2,5,'Medium'),(662,2,4,6,7,2,5,8,1,3,2,3,'Medium'),(663,4,3,2,7,6,5,1,9,3,4,2,'Medium'),(664,4,2,2,2,3,4,1,5,2,6,2,'Low'),(665,3,4,4,1,2,4,6,5,4,2,5,'Medium'),(666,5,5,4,3,6,2,1,2,1,6,2,'Medium'),(667,4,3,2,7,6,5,1,9,3,4,2,'Medium'),(668,2,3,1,3,7,8,6,2,1,7,2,'Medium'),(669,7,7,5,3,2,7,8,2,4,5,3,'High'),(670,7,8,4,2,3,1,4,5,6,7,5,'High'),(671,7,7,9,6,5,7,2,4,3,1,4,'High'),(672,2,4,6,7,2,5,8,1,3,2,3,'Medium'),(673,7,7,8,5,7,6,7,8,7,6,2,'High'),(674,7,7,4,4,5,6,5,5,4,6,5,'High'),(675,3,3,4,5,6,5,5,4,6,5,4,'Medium'),(676,6,5,5,3,2,1,4,7,2,1,6,'Medium'),(677,4,8,8,7,9,2,1,4,6,7,2,'High'),(678,4,3,2,7,6,5,1,9,3,4,2,'Medium'),(679,9,6,5,2,5,2,3,2,1,7,6,'High'),(680,9,6,5,2,5,2,3,2,1,7,6,'High'),(681,2,4,6,7,2,5,8,1,3,2,3,'Medium'),(682,4,8,8,7,9,2,1,4,6,7,2,'High'),(683,4,8,8,7,9,2,1,4,6,7,2,'High'),(684,3,3,4,5,6,5,5,4,6,5,4,'Medium'),(685,7,9,3,2,4,1,4,2,4,2,3,'High'),(686,7,9,3,2,4,1,4,2,4,2,3,'High'),(687,8,7,3,2,6,4,2,3,1,2,1,'Medium'),(688,7,7,2,7,6,7,6,7,2,3,1,'High'),(689,7,7,2,7,6,7,6,7,2,3,1,'High'),(690,2,2,3,3,7,7,4,8,7,7,5,'Medium'),(691,3,3,4,5,6,5,5,4,6,5,4,'Medium'),(692,7,8,4,2,3,1,4,5,6,7,5,'High'),(693,2,2,3,3,7,7,4,8,7,7,5,'Medium'),(694,4,3,2,7,6,5,1,9,3,4,2,'Medium'),(695,7,7,8,5,7,6,7,8,7,6,2,'High'),(696,3,4,4,1,2,4,6,5,4,2,5,'Medium'),(697,2,4,6,7,2,5,8,1,3,2,3,'Medium'),(698,7,7,5,3,2,7,8,2,4,5,3,'High'),(699,4,3,2,7,6,5,1,9,3,4,2,'Medium'),(700,3,3,4,5,6,5,5,4,6,5,4,'Medium'),(701,7,7,9,6,5,7,2,4,3,1,4,'High'),(702,4,3,2,7,6,5,1,9,3,4,2,'Medium'),(703,7,7,4,4,5,6,5,5,4,6,5,'High'),(704,4,8,8,7,9,2,1,4,6,7,2,'High'),(705,2,4,6,7,2,5,8,1,3,2,3,'Medium'),(706,2,2,3,3,7,7,4,8,7,7,5,'Medium'),(707,7,9,3,2,4,1,4,2,4,2,3,'High'),(708,3,3,4,5,6,5,5,4,6,5,4,'Medium'),(709,7,6,5,5,4,6,5,4,6,5,7,'High'),(710,7,9,3,2,4,1,4,2,4,2,3,'High'),(711,2,3,8,7,7,3,8,9,1,6,2,'High'),(712,4,8,8,7,9,2,1,4,6,7,2,'High'),(713,3,4,4,1,2,4,6,5,4,2,5,'Medium'),(714,8,7,3,2,6,4,2,3,1,2,1,'Medium'),(715,4,3,2,7,6,5,1,9,3,4,2,'Medium'),(716,2,4,3,4,2,2,3,1,2,3,4,'Low'),(717,7,7,5,3,2,7,8,2,4,5,3,'High'),(718,3,1,3,2,2,4,2,2,3,4,3,'Low'),(719,7,7,9,6,5,7,2,4,3,1,4,'High'),(720,3,4,4,1,2,4,6,5,4,2,5,'Medium'),(721,7,7,4,4,5,6,5,5,4,6,5,'High'),(722,4,2,2,2,3,4,1,5,2,6,2,'Low'),(723,7,9,3,2,4,1,4,2,4,2,3,'High'),(724,3,4,4,1,2,4,6,5,4,2,5,'Medium'),(725,7,8,2,3,6,4,2,3,1,2,1,'Low'),(726,7,7,2,7,6,7,6,7,2,3,1,'High'),(727,9,6,5,2,5,2,3,2,1,7,6,'High'),(728,7,4,2,1,3,2,2,1,2,5,1,'Low'),(729,7,8,4,2,3,1,4,5,6,7,5,'High'),(730,4,8,8,7,9,2,1,4,6,7,2,'High'),(731,7,2,3,8,7,3,8,3,2,3,1,'Low'),(732,7,7,8,5,7,6,7,8,7,6,2,'High'),(733,7,9,3,2,4,1,4,2,4,2,3,'High'),(734,3,1,3,2,2,4,2,2,3,4,3,'Low'),(735,7,7,5,3,2,7,8,2,4,5,3,'High'),(736,7,7,2,7,6,7,6,7,2,3,1,'High'),(737,4,3,1,2,3,4,5,1,2,3,4,'Low'),(738,7,7,9,6,5,7,2,4,3,1,4,'High'),(739,7,8,4,2,3,1,4,5,6,7,5,'High'),(740,1,4,2,6,1,2,4,2,1,2,3,'Low'),(741,4,8,8,7,9,2,1,4,6,7,2,'High'),(742,7,7,8,5,7,6,7,8,7,6,2,'High'),(743,1,2,1,3,3,2,1,3,2,1,1,'Low'),(744,7,9,3,2,4,1,4,2,4,2,3,'High'),(745,7,7,5,3,2,7,8,2,4,5,3,'High'),(746,1,2,3,2,1,3,2,4,2,1,1,'Low'),(747,4,8,8,7,9,2,1,4,6,7,2,'High'),(748,5,5,4,3,6,2,1,2,1,6,2,'Medium'),(749,6,2,1,1,1,2,1,2,3,1,2,'Low'),(750,7,7,2,7,6,7,6,7,2,3,1,'High'),(751,4,3,2,7,6,5,1,9,3,4,2,'Medium'),(752,7,7,9,6,5,7,2,4,3,1,4,'High'),(753,7,9,3,2,4,1,4,2,4,2,3,'High'),(754,3,4,4,2,2,2,3,2,1,2,4,'Low'),(755,4,8,8,7,9,2,1,4,6,7,2,'High'),(756,7,8,4,2,3,1,4,5,6,7,5,'High'),(757,1,1,1,1,1,2,3,4,5,2,1,'Low'),(758,7,9,3,2,4,1,4,2,4,2,3,'High'),(759,4,8,8,7,9,2,1,4,6,7,2,'High'),(760,1,1,1,2,3,2,5,1,5,1,1,'Low'),(761,4,3,2,7,6,5,1,9,3,4,2,'Medium'),(762,2,4,3,4,2,2,3,1,2,3,4,'Low'),(763,2,2,2,2,1,3,4,4,1,4,1,'Low'),(764,4,8,8,7,9,2,1,4,6,7,2,'High'),(765,3,1,3,2,2,4,2,2,3,4,3,'Low'),(766,2,4,1,3,4,2,4,2,4,3,1,'Low'),(767,7,9,3,2,4,1,4,2,4,2,3,'High'),(768,6,5,1,4,3,2,4,6,2,4,1,'Medium'),(769,3,6,2,1,2,3,4,2,1,1,1,'Low'),(770,4,4,1,2,4,6,5,4,2,1,5,'Medium'),(771,2,1,3,4,5,1,3,2,1,2,2,'Low'),(772,7,7,5,3,2,7,8,2,4,5,3,'High'),(773,1,3,1,1,1,1,1,3,2,4,2,'Low'),(774,7,7,9,6,5,7,2,4,3,1,4,'High'),(775,2,5,3,2,1,2,3,1,3,4,2,'Low'),(776,6,6,5,3,2,4,3,1,7,5,6,'Medium'),(777,1,1,1,1,1,3,2,3,2,3,3,'Low'),(778,7,8,4,2,3,1,4,5,6,7,5,'High'),(779,7,7,5,3,2,7,8,2,4,5,3,'High'),(780,4,2,2,2,3,4,1,5,2,6,2,'Low'),(781,2,2,2,2,3,2,1,2,3,2,3,'Low'),(782,5,5,4,3,6,2,1,2,1,6,2,'Medium'),(783,2,4,2,1,3,4,6,1,3,2,2,'Low'),(784,2,3,1,3,7,8,6,2,1,7,2,'Medium'),(785,3,2,4,3,2,1,2,4,2,3,2,'Low'),(786,7,8,4,2,3,1,4,5,6,7,5,'High'),(787,1,5,2,1,3,2,1,3,2,1,2,'Low'),(788,7,7,8,5,7,6,7,8,7,6,2,'High'),(789,4,3,2,5,2,1,2,3,4,5,2,'Low'),(790,6,5,5,3,2,1,4,7,2,1,6,'Medium'),(791,3,4,4,1,2,4,6,5,4,2,5,'Medium'),(792,9,6,5,2,5,2,3,2,1,7,6,'High'),(793,4,3,2,7,6,5,1,9,3,4,2,'Medium'),(794,4,8,8,7,9,2,1,4,6,7,2,'High'),(795,2,4,6,7,2,5,8,1,3,2,3,'Medium'),(796,7,9,3,2,4,1,4,2,4,2,3,'High'),(797,3,3,4,5,6,5,5,4,6,5,4,'Medium'),(798,7,7,2,7,6,7,6,7,2,3,1,'High'),(799,8,7,3,2,6,4,2,3,1,2,1,'Medium'),(800,7,7,8,5,7,6,7,8,7,6,2,'High'),(801,7,7,9,6,5,7,2,4,3,1,4,'High'),(802,4,3,2,7,6,5,1,9,3,4,2,'Medium'),(803,2,2,3,3,7,7,4,8,7,7,5,'Medium'),(804,3,4,4,1,2,4,6,5,4,2,5,'Medium'),(805,4,3,2,7,6,5,1,9,3,4,2,'Medium'),(806,2,4,6,7,2,5,8,1,3,2,3,'Medium'),(807,2,4,6,7,2,5,8,1,3,2,3,'Medium'),(808,3,3,4,5,6,5,5,4,6,5,4,'Medium'),(809,3,3,4,5,6,5,5,4,6,5,4,'Medium'),(810,7,7,4,4,5,6,5,5,4,6,5,'High'),(811,4,3,2,7,6,5,1,9,3,4,2,'Medium'),(812,2,2,3,3,7,7,4,8,7,7,5,'Medium'),(813,2,4,6,7,2,5,8,1,3,2,3,'Medium'),(814,7,6,5,5,4,6,5,4,6,5,7,'High'),(815,3,3,4,5,6,5,5,4,6,5,4,'Medium'),(816,2,3,8,7,7,3,8,9,1,6,2,'High'),(817,8,7,3,2,6,4,2,3,1,2,1,'Medium'),(818,8,7,3,2,6,4,2,3,1,2,1,'Medium'),(819,2,2,3,3,7,7,4,8,7,7,5,'Medium'),(820,2,4,3,4,2,2,3,1,2,3,4,'Low'),(821,3,1,3,2,2,4,2,2,3,4,3,'Low'),(822,7,7,4,4,5,6,5,5,4,6,5,'High'),(823,7,7,5,3,2,7,8,2,4,5,3,'High'),(824,3,4,4,1,2,4,6,5,4,2,5,'Medium'),(825,4,2,2,2,3,4,1,5,2,6,2,'Low'),(826,4,3,2,7,6,5,1,9,3,4,2,'Medium'),(827,7,8,2,3,6,4,2,3,1,2,1,'Low'),(828,7,4,2,1,3,2,2,1,2,5,1,'Low'),(829,4,3,2,7,6,5,1,9,3,4,2,'Medium'),(830,7,2,3,8,7,3,8,3,2,3,1,'Low'),(831,2,4,6,7,2,5,8,1,3,2,3,'Medium'),(832,3,1,3,2,2,4,2,2,3,4,3,'Low'),(833,4,3,1,2,3,4,5,1,2,3,4,'Low'),(834,3,3,4,5,6,5,5,4,6,5,4,'Medium'),(835,1,4,2,6,1,2,4,2,1,2,3,'Low'),(836,3,4,4,1,2,4,6,5,4,2,5,'Medium'),(837,1,2,1,3,3,2,1,3,2,1,1,'Low'),(838,4,3,2,7,6,5,1,9,3,4,2,'Medium'),(839,1,2,3,2,1,3,2,4,2,1,1,'Low'),(840,7,7,5,3,2,7,8,2,4,5,3,'High'),(841,6,2,1,1,1,2,1,2,3,1,2,'Low'),(842,7,7,9,6,5,7,2,4,3,1,4,'High'),(843,7,7,9,6,5,7,2,4,3,1,4,'High'),(844,7,7,4,4,5,6,5,5,4,6,5,'High'),(845,3,4,4,2,2,2,3,2,1,2,4,'Low'),(846,9,6,5,2,5,2,3,2,1,7,6,'High'),(847,1,1,1,1,1,2,3,4,5,2,1,'Low'),(848,9,6,5,2,5,2,3,2,1,7,6,'High'),(849,1,1,1,2,3,2,5,1,5,1,1,'Low'),(850,4,8,8,7,9,2,1,4,6,7,2,'High'),(851,2,2,2,2,1,3,4,4,1,4,1,'Low'),(852,7,9,3,2,4,1,4,2,4,2,3,'High'),(853,2,4,1,3,4,2,4,2,4,3,1,'Low'),(854,7,7,2,7,6,7,6,7,2,3,1,'High'),(855,3,6,2,1,2,3,4,2,1,1,1,'Low'),(856,7,8,4,2,3,1,4,5,6,7,5,'High'),(857,2,1,3,4,5,1,3,2,1,2,2,'Low'),(858,7,7,8,5,7,6,7,8,7,6,2,'High'),(859,7,7,5,3,2,7,8,2,4,5,3,'High'),(860,7,7,9,6,5,7,2,4,3,1,4,'High'),(861,1,3,1,1,1,1,1,3,2,4,2,'Low'),(862,4,8,8,7,9,2,1,4,6,7,2,'High'),(863,2,5,3,2,1,2,3,1,3,4,2,'Low'),(864,7,9,3,2,4,1,4,2,4,2,3,'High'),(865,1,1,1,1,1,3,2,3,2,3,3,'Low'),(866,4,8,8,7,9,2,1,4,6,7,2,'High'),(867,4,8,8,7,9,2,1,4,6,7,2,'High'),(868,2,2,2,2,3,2,1,2,3,2,3,'Low'),(869,4,8,8,7,9,2,1,4,6,7,2,'High'),(870,2,4,2,1,3,4,6,1,3,2,2,'Low'),(871,7,9,3,2,4,1,4,2,4,2,3,'High'),(872,7,7,2,7,6,7,6,7,2,3,1,'High'),(873,3,2,4,3,2,1,2,4,2,3,2,'Low'),(874,7,8,4,2,3,1,4,5,6,7,5,'High'),(875,1,5,2,1,3,2,1,3,2,1,2,'Low'),(876,4,3,2,5,2,1,2,3,4,5,2,'Low'),(877,7,7,8,5,7,6,7,8,7,6,2,'High'),(878,7,7,5,3,2,7,8,2,4,5,3,'High'),(879,3,4,4,1,2,4,6,5,4,2,5,'Medium'),(880,7,7,9,6,5,7,2,4,3,1,4,'High'),(881,4,3,2,7,6,5,1,9,3,4,2,'Medium'),(882,4,8,8,7,9,2,1,4,6,7,2,'High'),(883,7,9,3,2,4,1,4,2,4,2,3,'High'),(884,2,4,6,7,2,5,8,1,3,2,3,'Medium'),(885,3,3,4,5,6,5,5,4,6,5,4,'Medium'),(886,8,7,3,2,6,4,2,3,1,2,1,'Medium'),(887,4,8,8,7,9,2,1,4,6,7,2,'High'),(888,7,9,3,2,4,1,4,2,4,2,3,'High'),(889,4,2,2,2,3,4,1,5,2,6,2,'Low'),(890,2,2,3,3,7,7,4,8,7,7,5,'Medium'),(891,7,9,3,2,4,1,4,2,4,2,3,'High'),(892,3,4,4,1,2,4,6,5,4,2,5,'Medium'),(893,7,9,3,2,4,1,4,2,4,2,3,'High'),(894,4,3,2,7,6,5,1,9,3,4,2,'Medium'),(895,7,8,4,2,3,1,4,5,6,7,5,'High'),(896,2,4,6,7,2,5,8,1,3,2,3,'Medium'),(897,4,8,8,7,9,2,1,4,6,7,2,'High'),(898,2,4,3,4,2,2,3,1,2,3,4,'Low'),(899,3,1,3,2,2,4,2,2,3,4,3,'Low'),(900,3,3,4,5,6,5,5,4,6,5,4,'Medium'),(901,6,5,1,4,3,2,4,6,2,4,1,'Medium'),(902,4,3,2,7,6,5,1,9,3,4,2,'Medium'),(903,4,4,1,2,4,6,5,4,2,1,5,'Medium'),(904,2,4,6,7,2,5,8,1,3,2,3,'Medium'),(905,7,7,5,3,2,7,8,2,4,5,3,'High'),(906,3,3,4,5,6,5,5,4,6,5,4,'Medium'),(907,7,7,9,6,5,7,2,4,3,1,4,'High'),(908,8,7,3,2,6,4,2,3,1,2,1,'Medium'),(909,6,6,5,3,2,4,3,1,7,5,6,'Medium'),(910,7,7,2,7,6,7,6,7,2,3,1,'High'),(911,4,2,2,2,3,4,1,5,2,6,2,'Low'),(912,5,5,4,3,6,2,1,2,1,6,2,'Medium'),(913,2,3,1,3,7,8,6,2,1,7,2,'Medium'),(914,2,2,3,3,7,7,4,8,7,7,5,'Medium'),(915,7,8,4,2,3,1,4,5,6,7,5,'High'),(916,4,8,8,7,9,2,1,4,6,7,2,'High'),(917,7,7,8,5,7,6,7,8,7,6,2,'High'),(918,3,4,4,1,2,4,6,5,4,2,5,'Medium'),(919,6,5,5,3,2,1,4,7,2,1,6,'Medium'),(920,4,3,2,7,6,5,1,9,3,4,2,'Medium'),(921,9,6,5,2,5,2,3,2,1,7,6,'High'),(922,4,3,2,7,6,5,1,9,3,4,2,'Medium'),(923,4,8,8,7,9,2,1,4,6,7,2,'High'),(924,7,9,3,2,4,1,4,2,4,2,3,'High'),(925,2,4,6,7,2,5,8,1,3,2,3,'Medium'),(926,7,7,2,7,6,7,6,7,2,3,1,'High'),(927,3,3,4,5,6,5,5,4,6,5,4,'Medium'),(928,7,8,4,2,3,1,4,5,6,7,5,'High'),(929,3,4,4,1,2,4,6,5,4,2,5,'Medium'),(930,4,3,2,7,6,5,1,9,3,4,2,'Medium'),(931,4,3,2,7,6,5,1,9,3,4,2,'Medium'),(932,7,7,5,3,2,7,8,2,4,5,3,'High'),(933,2,4,6,7,2,5,8,1,3,2,3,'Medium'),(934,2,4,3,4,2,2,3,1,2,3,4,'Low'),(935,3,3,4,5,6,5,5,4,6,5,4,'Medium'),(936,3,1,3,2,2,4,2,2,3,4,3,'Low'),(937,7,7,4,4,5,6,5,5,4,6,5,'High'),(938,7,9,3,2,4,1,4,2,4,2,3,'High'),(939,2,2,3,3,7,7,4,8,7,7,5,'Medium'),(940,4,2,2,2,3,4,1,5,2,6,2,'Low'),(941,7,6,5,5,4,6,5,4,6,5,7,'High'),(942,4,8,8,7,9,2,1,4,6,7,2,'High'),(943,7,9,3,2,4,1,4,2,4,2,3,'High'),(944,2,3,8,7,7,3,8,9,1,6,2,'High'),(945,8,7,3,2,6,4,2,3,1,2,1,'Medium'),(946,7,7,2,7,6,7,6,7,2,3,1,'High'),(947,2,4,3,4,2,2,3,1,2,3,4,'Low'),(948,3,3,4,5,6,5,5,4,6,5,4,'Medium'),(949,3,1,3,2,2,4,2,2,3,4,3,'Low'),(950,3,4,4,1,2,4,6,5,4,2,5,'Medium'),(951,7,7,8,5,7,6,7,8,7,6,2,'High'),(952,7,7,5,3,2,7,8,2,4,5,3,'High'),(953,4,2,2,2,3,4,1,5,2,6,2,'Low'),(954,7,7,9,6,5,7,2,4,3,1,4,'High'),(955,7,8,2,3,6,4,2,3,1,2,1,'Low'),(956,4,8,8,7,9,2,1,4,6,7,2,'High'),(957,7,9,3,2,4,1,4,2,4,2,3,'High'),(958,7,4,2,1,3,2,2,1,2,5,1,'Low'),(959,7,8,4,2,3,1,4,5,6,7,5,'High'),(960,7,2,3,8,7,3,8,3,2,3,1,'Low'),(961,4,8,8,7,9,2,1,4,6,7,2,'High'),(962,7,9,3,2,4,1,4,2,4,2,3,'High'),(963,7,7,2,7,6,7,6,7,2,3,1,'High'),(964,3,1,3,2,2,4,2,2,3,4,3,'Low'),(965,7,8,4,2,3,1,4,5,6,7,5,'High'),(966,4,3,1,2,3,4,5,1,2,3,4,'Low'),(967,7,7,8,5,7,6,7,8,7,6,2,'High'),(968,1,4,2,6,1,2,4,2,1,2,3,'Low'),(969,7,7,5,3,2,7,8,2,4,5,3,'High'),(970,1,2,1,3,3,2,1,3,2,1,1,'Low'),(971,7,7,9,6,5,7,2,4,3,1,4,'High'),(972,1,2,3,2,1,3,2,4,2,1,1,'Low'),(973,4,8,8,7,9,2,1,4,6,7,2,'High'),(974,6,2,1,1,1,2,1,2,3,1,2,'Low'),(975,7,7,5,3,2,7,8,2,4,5,3,'High'),(976,7,9,3,2,4,1,4,2,4,2,3,'High'),(977,4,8,8,7,9,2,1,4,6,7,2,'High'),(978,3,4,4,2,2,2,3,2,1,2,4,'Low'),(979,1,1,1,1,1,2,3,4,5,2,1,'Low'),(980,1,1,1,2,3,2,5,1,5,1,1,'Low'),(981,2,2,2,2,1,3,4,4,1,4,1,'Low'),(982,2,4,1,3,4,2,4,2,4,3,1,'Low'),(983,3,6,2,1,2,3,4,2,1,1,1,'Low'),(984,2,1,3,4,5,1,3,2,1,2,2,'Low'),(985,1,3,1,1,1,1,1,3,2,4,2,'Low'),(986,2,5,3,2,1,2,3,1,3,4,2,'Low'),(987,1,1,1,1,1,3,2,3,2,3,3,'Low'),(988,7,7,9,6,5,7,2,4,3,1,4,'High'),(989,2,2,2,2,3,2,1,2,3,2,3,'Low'),(990,2,4,2,1,3,4,6,1,3,2,2,'Low'),(991,3,2,4,3,2,1,2,4,2,3,2,'Low'),(992,1,5,2,1,3,2,1,3,2,1,2,'Low'),(993,4,3,2,5,2,1,2,3,4,5,2,'Low'),(994,3,4,4,1,2,4,6,5,4,2,5,'Medium'),(995,4,3,2,7,6,5,1,9,3,4,2,'Medium'),(996,2,4,6,7,2,5,8,1,3,2,3,'Medium'),(997,3,3,4,5,6,5,5,4,6,5,4,'Medium'),(998,8,7,3,2,6,4,2,3,1,2,1,'Medium'),(999,4,8,8,7,9,2,1,4,6,7,2,'High'),(1000,2,2,3,3,7,7,4,8,7,7,5,'Medium');
/*!40000 ALTER TABLE `symptoms` ENABLE KEYS */;
UNLOCK TABLES;
/*!40103 SET TIME_ZONE=@OLD_TIME_ZONE */;

/*!40101 SET SQL_MODE=@OLD_SQL_MODE */;
/*!40014 SET FOREIGN_KEY_CHECKS=@OLD_FOREIGN_KEY_CHECKS */;
/*!40014 SET UNIQUE_CHECKS=@OLD_UNIQUE_CHECKS */;
/*!40101 SET CHARACTER_SET_CLIENT=@OLD_CHARACTER_SET_CLIENT */;
/*!40101 SET CHARACTER_SET_RESULTS=@OLD_CHARACTER_SET_RESULTS */;
/*!40101 SET COLLATION_CONNECTION=@OLD_COLLATION_CONNECTION */;
/*!40111 SET SQL_NOTES=@OLD_SQL_NOTES */;

-- Dump completed on 2023-02-09  0:40:54
